run_id,symbol,segment,direction,regime_label,entry_time,exit_time,bars_held,rsi14,bb_pct_b,funding_rate,fear_greed,pnl_pct,r_multiple,mfe_r,mae_r,win,exit_reason
20260624T150558Z,BTCUSDT,IN_SAMPLE,SHORT,DOWNTREND_NORMAL,2024-08-29T11:00:00+00:00,2024-08-29T14:00:00+00:00,4,58.6,1.112,-1.644e-05,29.0,-1.31,-1.131,0.65,1.27,0,STOP_LOSS
20260624T150558Z,BTCUSDT,IN_SAMPLE,SHORT,DOWNTREND_NORMAL,2024-09-04T16:00:00+00:00,2024-09-04T22:00:00+00:00,7,65.1,1.036,-1.47e-05,27.0,0.497,0.4,1.05,0.16,1,STOP_LOSS+PARTIAL
20260624T150558Z,BTCUSDT,IN_SAMPLE,SHORT,DOWNTREND_NORMAL,2024-12-24T13:00:00+00:00,2024-12-24T14:00:00+00:00,2,61.7,1.151,0.0001,73.0,-1.371,-1.125,1.53,1.21,0,STOP_LOSS
20260624T150558Z,BTCUSDT,IN_SAMPLE,SHORT,DOWNTREND_HIGH,2025-03-11T10:00:00+00:00,2025-03-11T16:00:00+00:00,7,59.0,1.016,3.26e-05,24.0,0.865,0.437,1.7,0.26,1,STOP_LOSS+PARTIAL
20260624T150558Z,BTCUSDT,IN_SAMPLE,SHORT,DOWNTREND_NORMAL,2025-08-26T21:00:00+00:00,2025-08-27T13:00:00+00:00,17,60.0,1.149,0.0001,48.0,0.352,0.369,1.17,0.74,1,STOP_LOSS+PARTIAL
20260624T150558Z,BTCUSDT,IN_SAMPLE,SHORT,DOWNTREND_NORMAL,2025-08-31T00:00:00+00:00,2025-08-31T13:00:00+00:00,14,60.7,1.303,8.042e-05,48.0,0.645,1.258,2.14,0.16,1,TAKE_PROFIT+PARTIAL
20260624T150558Z,BTCUSDT,IN_SAMPLE,SHORT,DOWNTREND_HIGH,2025-10-12T15:00:00+00:00,2025-10-12T16:00:00+00:00,2,60.3,1.082,2.865e-05,24.0,-1.459,-1.116,0.76,1.02,0,STOP_LOSS
20260624T150558Z,BTCUSDT,IN_SAMPLE,SHORT,DOWNTREND_HIGH,2025-10-12T16:00:00+00:00,2025-10-12T21:00:00+00:00,6,65.3,1.153,-0.00010915,24.0,-1.498,-1.113,0.57,1.0,0,STOP_LOSS
20260624T150558Z,BTCUSDT,IN_SAMPLE,SHORT,DOWNTREND_NORMAL,2025-11-05T15:00:00+00:00,2025-11-06T16:00:00+00:00,26,58.8,1.053,2.831e-05,23.0,2.053,1.416,2.28,0.54,1,TAKE_PROFIT+PARTIAL
20260624T150558Z,BTCUSDT,IN_SAMPLE,SHORT,DOWNTREND_LOW,2025-11-16T09:00:00+00:00,2025-11-16T15:00:00+00:00,7,59.8,1.009,0.0001,10.0,1.133,1.353,2.8,0.01,1,TAKE_PROFIT+PARTIAL
20260624T150558Z,BTCUSDT,IN_SAMPLE,SHORT,DOWNTREND_HIGH,2025-11-18T16:00:00+00:00,2025-11-19T05:00:00+00:00,14,61.8,1.061,3.725e-05,11.0,2.269,1.424,2.33,0.23,1,TAKE_PROFIT+PARTIAL
20260624T150558Z,BTCUSDT,IN_SAMPLE,SHORT,DOWNTREND_NORMAL,2025-11-23T01:00:00+00:00,2025-11-23T14:00:00+00:00,14,61.8,1.22,3.812e-05,13.0,-1.435,-1.118,0.84,1.2,0,STOP_LOSS
20260624T150558Z,BTCUSDT,IN_SAMPLE,SHORT,DOWNTREND_NORMAL,2025-12-16T15:00:00+00:00,2025-12-17T14:00:00+00:00,24,59.8,1.152,1.35e-05,11.0,0.53,0.405,1.54,1.48,1,STOP_LOSS+PARTIAL
20260624T150558Z,BTCUSDT,OUT_OF_SAMPLE,SHORT,DOWNTREND_HIGH,2026-02-02T15:00:00+00:00,2026-02-03T17:00:00+00:00,27,60.1,1.023,-3.043e-05,14.0,2.854,1.439,2.54,0.33,1,TAKE_PROFIT+PARTIAL
20260624T150558Z,BTCUSDT,OUT_OF_SAMPLE,SHORT,DOWNTREND_HIGH,2026-02-06T15:00:00+00:00,2026-02-06T17:00:00+00:00,3,59.2,1.024,-0.00013688,9.0,-3.307,-1.049,0.4,1.33,0,STOP_LOSS
20260624T150558Z,BTCUSDT,OUT_OF_SAMPLE,SHORT,DOWNTREND_NORMAL,2026-02-25T01:00:00+00:00,2026-02-25T12:00:00+00:00,12,70.2,1.225,2.375e-05,11.0,0.608,0.415,1.82,0.43,1,STOP_LOSS+PARTIAL
20260624T150558Z,BTCUSDT,OUT_OF_SAMPLE,SHORT,DOWNTREND_NORMAL,2026-03-30T02:00:00+00:00,2026-03-30T08:00:00+00:00,7,60.2,1.029,3e-06,8.0,-1.262,-1.137,0.73,1.11,0,STOP_LOSS
20260624T150558Z,BTCUSDT,OUT_OF_SAMPLE,SHORT,DOWNTREND_NORMAL,2026-06-07T03:00:00+00:00,2026-06-07T08:00:00+00:00,6,59.6,1.115,-2.828e-05,12.0,-1.451,-1.117,0.36,1.57,0,STOP_LOSS
20260624T150558Z,ETHUSDT,IN_SAMPLE,SHORT,DOWNTREND_NORMAL,2024-07-06T16:00:00+00:00,2024-07-07T14:00:00+00:00,23,64.6,1.175,5.847e-05,26.0,2.043,1.415,2.18,0.7,1,TAKE_PROFIT+PARTIAL
20260624T150558Z,ETHUSDT,IN_SAMPLE,SHORT,DOWNTREND_NORMAL,2024-07-08T08:00:00+00:00,2024-07-08T14:00:00+00:00,7,65.7,1.067,3.423e-05,28.0,3.788,1.927,2.78,0.66,1,TAKE_PROFIT
20260624T150558Z,ETHUSDT,IN_SAMPLE,SHORT,DOWNTREND_NORMAL,2024-07-26T04:00:00+00:00,2024-07-27T13:00:00+00:00,34,58.7,1.071,3.903e-05,68.0,-1.873,-1.089,0.59,1.31,0,STOP_LOSS
20260624T150558Z,ETHUSDT,IN_SAMPLE,SHORT,DOWNTREND_NORMAL,2024-09-04T16:00:00+00:00,2024-09-05T06:00:00+00:00,15,65.0,1.02,5.833e-05,27.0,2.295,1.424,2.52,0.32,1,TAKE_PROFIT+PARTIAL
20260624T150558Z,ETHUSDT,IN_SAMPLE,SHORT,DOWNTREND_NORMAL,2024-12-27T09:00:00+00:00,2024-12-27T15:00:00+00:00,7,59.2,1.167,8.428e-05,74.0,2.331,1.426,2.06,0.38,1,TAKE_PROFIT+PARTIAL
20260624T150558Z,ETHUSDT,IN_SAMPLE,SHORT,DOWNTREND_HIGH,2025-02-03T22:00:00+00:00,2025-02-04T19:00:00+00:00,22,61.4,1.049,-0.00025121,44.0,2.096,0.472,1.62,0.4,1,STOP_LOSS+PARTIAL
20260624T150558Z,ETHUSDT,IN_SAMPLE,SHORT,DOWNTREND_LOW,2025-02-09T03:00:00+00:00,2025-02-09T21:00:00+00:00,19,62.0,1.236,-3.64e-06,46.0,2.124,1.418,3.96,0.51,1,TAKE_PROFIT+PARTIAL
20260624T150558Z,ETHUSDT,IN_SAMPLE,SHORT,DOWNTREND_NORMAL,2025-02-12T17:00:00+00:00,2025-02-12T22:00:00+00:00,6,61.3,1.203,8.407e-05,46.0,-2.23,-1.074,0.46,2.21,0,STOP_LOSS
20260624T150558Z,ETHUSDT,IN_SAMPLE,SHORT,DOWNTREND_NORMAL,2025-03-08T13:00:00+00:00,2025-03-08T19:00:00+00:00,7,59.4,1.048,3.76e-05,28.0,-2.054,-1.08,0.7,1.07,0,STOP_LOSS
20260624T150558Z,ETHUSDT,IN_SAMPLE,SHORT,DOWNTREND_NORMAL,2025-03-10T11:00:00+00:00,2025-03-10T14:00:00+00:00,4,60.8,1.114,2.575e-05,20.0,3.261,1.447,2.73,0.23,1,TAKE_PROFIT+PARTIAL
20260624T150558Z,ETHUSDT,IN_SAMPLE,SHORT,DOWNTREND_NORMAL,2025-03-31T12:00:00+00:00,2025-03-31T14:00:00+00:00,3,58.3,1.116,2.663e-05,34.0,0.769,0.431,1.2,0.38,1,STOP_LOSS+PARTIAL
20260624T150558Z,ETHUSDT,IN_SAMPLE,SHORT,DOWNTREND_NORMAL,2025-03-31T14:00:00+00:00,2025-04-01T08:00:00+00:00,19,58.6,1.113,2.663e-05,34.0,-2.084,-1.079,0.66,1.48,0,STOP_LOSS
20260624T150558Z,ETHUSDT,IN_SAMPLE,SHORT,DOWNTREND_HIGH,2025-06-23T18:00:00+00:00,2025-06-23T20:00:00+00:00,3,60.0,1.123,1.3e-06,47.0,-2.505,-1.065,0.6,1.37,0,STOP_LOSS
20260624T150558Z,ETHUSDT,IN_SAMPLE,SHORT,DOWNTREND_HIGH,2025-09-26T17:00:00+00:00,2025-09-28T16:00:00+00:00,48,62.0,1.22,4.775e-05,28.0,0.822,0.434,1.03,0.31,1,STOP_LOSS+PARTIAL
20260624T150558Z,ETHUSDT,IN_SAMPLE,SHORT,DOWNTREND_HIGH,2025-10-12T14:00:00+00:00,2025-10-12T15:00:00+00:00,2,67.5,1.235,8.39e-06,24.0,-2.503,-1.065,1.78,1.12,0,STOP_LOSS
20260624T150558Z,ETHUSDT,IN_SAMPLE,SHORT,DOWNTREND_HIGH,2025-11-05T16:00:00+00:00,2025-11-06T16:00:00+00:00,25,59.3,1.08,6.56e-06,23.0,3.661,1.452,2.22,0.49,1,TAKE_PROFIT+PARTIAL
20260624T150558Z,ETHUSDT,IN_SAMPLE,SHORT,DOWNTREND_NORMAL,2025-11-18T15:00:00+00:00,2025-11-19T10:00:00+00:00,20,58.9,1.13,0.0001,11.0,1.043,0.447,1.58,0.87,1,STOP_LOSS+PARTIAL
20260624T150558Z,ETHUSDT,IN_SAMPLE,SHORT,DOWNTREND_NORMAL,2025-11-22T22:00:00+00:00,2025-11-23T04:00:00+00:00,7,58.5,1.162,4.657e-05,11.0,-1.845,-1.09,1.0,1.33,0,STOP_LOSS
20260624T150558Z,ETHUSDT,IN_SAMPLE,SHORT,DOWNTREND_NORMAL,2025-12-02T14:00:00+00:00,2025-12-02T15:00:00+00:00,2,71.2,1.242,5.552e-05,23.0,-1.579,-1.107,1.31,3.15,0,STOP_LOSS
20260624T150558Z,ETHUSDT,IN_SAMPLE,SHORT,DOWNTREND_NORMAL,2025-12-17T14:00:00+00:00,2025-12-17T15:00:00+00:00,2,63.3,1.255,3.718e-05,16.0,3.064,1.909,2.27,0.73,1,TAKE_PROFIT
20260624T150558Z,ETHUSDT,IN_SAMPLE,SHORT,DOWNTREND_HIGH,2025-12-18T13:00:00+00:00,2025-12-18T17:00:00+00:00,5,71.5,1.47,-3.186e-05,17.0,2.91,1.905,3.68,0.74,1,TAKE_PROFIT
20260624T150558Z,ETHUSDT,OUT_OF_SAMPLE,SHORT,DOWNTREND_HIGH,2026-01-21T19:00:00+00:00,2026-01-22T15:00:00+00:00,21,59.2,1.163,1.113e-05,24.0,3.355,1.448,2.11,0.19,1,TAKE_PROFIT+PARTIAL
20260624T150558Z,ETHUSDT,OUT_OF_SAMPLE,SHORT,DOWNTREND_NORMAL,2026-01-23T17:00:00+00:00,2026-01-25T16:00:00+00:00,48,58.8,1.005,5.045e-05,24.0,2.218,1.422,2.39,0.68,1,TAKE_PROFIT+PARTIAL
20260624T150558Z,ETHUSDT,OUT_OF_SAMPLE,SHORT,DOWNTREND_HIGH,2026-02-02T15:00:00+00:00,2026-02-03T17:00:00+00:00,27,60.0,1.053,-8.208e-05,14.0,5.086,1.466,2.18,0.29,1,TAKE_PROFIT+PARTIAL
20260624T150558Z,ETHUSDT,OUT_OF_SAMPLE,SHORT,DOWNTREND_HIGH,2026-02-06T16:00:00+00:00,2026-02-07T04:00:00+00:00,13,60.6,1.124,1.852e-05,9.0,-4.042,-1.04,0.83,1.05,0,STOP_LOSS
20260624T150558Z,ETHUSDT,OUT_OF_SAMPLE,SHORT,DOWNTREND_NORMAL,2026-03-09T03:00:00+00:00,2026-03-09T05:00:00+00:00,3,59.2,1.028,-0.00022545,8.0,-1.837,-1.091,0.55,1.1,0,STOP_LOSS
20260624T150558Z,ETHUSDT,OUT_OF_SAMPLE,SHORT,DOWNTREND_LOW,2026-03-28T13:00:00+00:00,2026-03-29T22:00:00+00:00,34,62.4,1.34,-8.079e-05,12.0,1.45,1.383,4.12,0.99,1,TAKE_PROFIT+PARTIAL
20260624T150558Z,ETHUSDT,OUT_OF_SAMPLE,SHORT,DOWNTREND_NORMAL,2026-03-30T02:00:00+00:00,2026-03-30T05:00:00+00:00,4,62.7,1.219,-2.586e-05,8.0,-1.552,-1.109,0.79,1.02,0,STOP_LOSS
20260624T150558Z,ETHUSDT,OUT_OF_SAMPLE,SHORT,DOWNTREND_LOW,2026-05-13T04:00:00+00:00,2026-05-13T13:00:00+00:00,10,58.8,1.024,1.323e-05,42.0,1.066,1.344,2.64,0.91,1,TAKE_PROFIT+PARTIAL
20260624T150558Z,ETHUSDT,OUT_OF_SAMPLE,SHORT,DOWNTREND_HIGH,2026-05-14T14:00:00+00:00,2026-05-14T16:00:00+00:00,3,58.1,1.234,5.526e-05,34.0,-1.169,-1.149,1.76,1.36,0,STOP_LOSS
20260624T150558Z,ETHUSDT,OUT_OF_SAMPLE,SHORT,DOWNTREND_NORMAL,2026-05-20T06:00:00+00:00,2026-05-21T01:00:00+00:00,20,59.0,1.231,5.523e-05,27.0,-1.068,-1.165,1.02,1.21,0,STOP_LOSS
20260624T150558Z,ETHUSDT,OUT_OF_SAMPLE,SHORT,DOWNTREND_NORMAL,2026-05-29T15:00:00+00:00,2026-05-30T14:00:00+00:00,24,60.8,1.207,7.04e-05,23.0,0.468,0.395,1.34,0.62,1,STOP_LOSS+PARTIAL
20260624T150558Z,ETHUSDT,OUT_OF_SAMPLE,SHORT,DOWNTREND_NORMAL,2026-06-07T05:00:00+00:00,2026-06-07T08:00:00+00:00,4,59.5,1.032,-6.624e-05,12.0,-1.931,-1.086,0.38,1.34,0,STOP_LOSS
20260624T150558Z,SOLUSDT,IN_SAMPLE,SHORT,DOWNTREND_NORMAL,2024-08-12T11:00:00+00:00,2024-08-12T14:00:00+00:00,4,60.6,1.048,6.88e-06,25.0,1.028,0.446,2.09,0.16,1,STOP_LOSS+PARTIAL
20260624T150558Z,SOLUSDT,IN_SAMPLE,SHORT,DOWNTREND_NORMAL,2024-09-04T14:00:00+00:00,2024-09-06T12:00:00+00:00,47,63.1,1.13,-1.3e-05,27.0,0.938,0.442,1.93,0.96,1,STOP_LOSS+PARTIAL
20260624T150558Z,SOLUSDT,IN_SAMPLE,SHORT,DOWNTREND_NORMAL,2024-09-06T12:00:00+00:00,2024-09-06T14:00:00+00:00,3,62.8,1.248,4.047e-05,22.0,2.689,1.435,2.05,0.3,1,TAKE_PROFIT+PARTIAL
20260624T150558Z,SOLUSDT,IN_SAMPLE,SHORT,DOWNTREND_NORMAL,2024-10-11T02:00:00+00:00,2024-10-11T12:00:00+00:00,11,58.6,1.018,5.45e-06,32.0,-1.667,-1.101,0.62,1.03,0,STOP_LOSS
20260624T150558Z,SOLUSDT,IN_SAMPLE,SHORT,DOWNTREND_NORMAL,2024-12-17T09:00:00+00:00,2024-12-17T12:00:00+00:00,4,60.7,1.018,4.064e-05,87.0,-1.958,-1.085,1.25,1.41,0,STOP_LOSS
20260624T150558Z,SOLUSDT,IN_SAMPLE,SHORT,DOWNTREND_LOW,2025-01-11T20:00:00+00:00,2025-01-12T15:00:00+00:00,20,62.0,1.315,-4.343e-05,69.0,0.634,0.418,1.81,0.52,1,STOP_LOSS+PARTIAL
20260624T150558Z,SOLUSDT,IN_SAMPLE,SHORT,DOWNTREND_NORMAL,2025-02-19T11:00:00+00:00,2025-02-20T04:00:00+00:00,18,60.2,1.05,3.53e-06,44.0,1.059,0.448,1.83,0.25,1,STOP_LOSS+PARTIAL
20260624T150558Z,SOLUSDT,IN_SAMPLE,SHORT,DOWNTREND_NORMAL,2025-02-27T06:00:00+00:00,2025-02-28T01:00:00+00:00,20,59.3,1.055,7.728e-05,10.0,4.592,1.462,2.63,0.18,1,TAKE_PROFIT+PARTIAL
20260624T150558Z,SOLUSDT,IN_SAMPLE,SHORT,DOWNTREND_NORMAL,2025-04-04T09:00:00+00:00,2025-04-04T11:00:00+00:00,3,59.0,1.04,-1.52e-06,28.0,2.908,1.44,2.64,0.13,1,TAKE_PROFIT+PARTIAL
20260624T150558Z,SOLUSDT,IN_SAMPLE,SHORT,DOWNTREND_NORMAL,2025-04-04T16:00:00+00:00,2025-04-06T13:00:00+00:00,46,63.3,1.189,5.6e-06,28.0,4.127,1.458,2.17,0.64,1,TAKE_PROFIT+PARTIAL
20260624T150558Z,SOLUSDT,IN_SAMPLE,SHORT,DOWNTREND_LOW,2025-06-15T05:00:00+00:00,2025-06-15T12:00:00+00:00,8,60.7,1.074,-3.76e-05,60.0,0.5,0.4,1.71,0.4,1,STOP_LOSS+PARTIAL
20260624T150558Z,SOLUSDT,IN_SAMPLE,SHORT,DOWNTREND_NORMAL,2025-06-15T12:00:00+00:00,2025-06-15T14:00:00+00:00,3,59.7,1.001,7.334e-05,60.0,-1.439,-1.118,0.81,2.5,0,STOP_LOSS
20260624T150558Z,SOLUSDT,IN_SAMPLE,SHORT,DOWNTREND_LOW,2025-08-04T00:00:00+00:00,2025-08-04T13:00:00+00:00,14,68.3,1.376,-7.571e-05,64.0,0.565,0.41,1.45,0.54,1,STOP_LOSS+PARTIAL
20260624T150558Z,SOLUSDT,IN_SAMPLE,SHORT,DOWNTREND_HIGH,2025-09-26T17:00:00+00:00,2025-09-28T18:00:00+00:00,50,58.4,1.185,-4.772e-05,28.0,-2.545,-1.064,0.71,1.03,0,STOP_LOSS
20260624T150558Z,SOLUSDT,IN_SAMPLE,SHORT,DOWNTREND_HIGH,2025-10-12T15:00:00+00:00,2025-10-12T20:00:00+00:00,6,65.2,1.178,-0.00123408,24.0,-3.095,-1.053,1.01,1.38,0,STOP_LOSS
20260624T150558Z,SOLUSDT,IN_SAMPLE,SHORT,DOWNTREND_LOW,2025-11-02T04:00:00+00:00,2025-11-02T14:00:00+00:00,11,58.4,1.175,5.263e-05,37.0,1.487,1.386,2.11,0.27,1,TAKE_PROFIT+PARTIAL
20260624T150558Z,SOLUSDT,IN_SAMPLE,SHORT,DOWNTREND_NORMAL,2025-11-05T16:00:00+00:00,2025-11-07T11:00:00+00:00,44,58.6,1.013,5.027e-05,23.0,4.042,1.457,2.26,0.48,1,TAKE_PROFIT+PARTIAL
20260624T150558Z,SOLUSDT,IN_SAMPLE,SHORT,DOWNTREND_NORMAL,2025-11-07T17:00:00+00:00,2025-11-09T14:00:00+00:00,46,62.7,1.105,1.958e-05,24.0,1.187,0.453,1.43,0.88,1,STOP_LOSS+PARTIAL
20260624T150558Z,SOLUSDT,IN_SAMPLE,SHORT,DOWNTREND_NORMAL,2025-11-23T02:00:00+00:00,2025-11-23T14:00:00+00:00,13,59.3,1.104,4.294e-05,13.0,-2.227,-1.074,0.72,1.0,0,STOP_LOSS
20260624T150558Z,SOLUSDT,IN_SAMPLE,SHORT,DOWNTREND_NORMAL,2025-12-02T13:00:00+00:00,2025-12-02T14:00:00+00:00,2,65.0,1.114,1.549e-05,23.0,-1.773,-1.094,1.02,1.34,0,STOP_LOSS
20260624T150558Z,SOLUSDT,IN_SAMPLE,SHORT,DOWNTREND_NORMAL,2025-12-07T17:00:00+00:00,2025-12-07T22:00:00+00:00,6,59.0,1.016,-4.449e-05,20.0,3.284,1.915,2.17,0.67,1,TAKE_PROFIT
20260624T150558Z,SOLUSDT,IN_SAMPLE,SHORT,DOWNTREND_NORMAL,2025-12-16T15:00:00+00:00,2025-12-17T01:00:00+00:00,11,58.2,1.067,-6.503e-05,11.0,0.923,0.441,1.1,0.14,1,STOP_LOSS+PARTIAL
20260624T150558Z,SOLUSDT,IN_SAMPLE,SHORT,DOWNTREND_HIGH,2025-12-18T13:00:00+00:00,2025-12-18T15:00:00+00:00,3,59.9,1.339,-3.187e-05,17.0,-1.824,-1.091,1.16,1.26,0,STOP_LOSS
20260624T150558Z,SOLUSDT,IN_SAMPLE,SHORT,DOWNTREND_LOW,2025-12-25T15:00:00+00:00,2025-12-25T23:00:00+00:00,9,62.1,1.08,0.0001,23.0,1.299,1.37,3.39,0.67,1,TAKE_PROFIT+PARTIAL
20260624T150558Z,SOLUSDT,OUT_OF_SAMPLE,SHORT,DOWNTREND_NORMAL,2026-01-21T15:00:00+00:00,2026-01-21T16:00:00+00:00,2,61.6,1.2,-2.73e-05,24.0,2.627,1.895,2.72,0.41,1,TAKE_PROFIT
20260624T150558Z,SOLUSDT,OUT_OF_SAMPLE,SHORT,DOWNTREND_HIGH,2026-01-21T19:00:00+00:00,2026-01-23T14:00:00+00:00,44,60.3,1.21,3.81e-06,24.0,2.806,1.438,2.43,0.26,1,TAKE_PROFIT+PARTIAL
20260624T150558Z,SOLUSDT,OUT_OF_SAMPLE,SHORT,DOWNTREND_HIGH,2026-02-06T16:00:00+00:00,2026-02-11T15:00:00+00:00,120,61.4,1.084,-0.00055144,9.0,6.682,1.474,2.08,0.79,1,TAKE_PROFIT+PARTIAL
20260624T150558Z,SOLUSDT,OUT_OF_SAMPLE,SHORT,DOWNTREND_NORMAL,2026-02-12T09:00:00+00:00,2026-02-12T16:00:00+00:00,8,59.2,1.125,-7.372e-05,5.0,2.686,1.435,2.36,0.3,1,TAKE_PROFIT+PARTIAL
20260624T150558Z,SOLUSDT,OUT_OF_SAMPLE,SHORT,DOWNTREND_LOW,2026-02-24T20:00:00+00:00,2026-02-25T01:00:00+00:00,6,59.0,1.027,-5.768e-05,8.0,-1.822,-1.091,0.42,2.97,0,STOP_LOSS
20260624T150558Z,SOLUSDT,OUT_OF_SAMPLE,SHORT,DOWNTREND_NORMAL,2026-03-09T05:00:00+00:00,2026-03-09T09:00:00+00:00,5,64.8,1.165,-0.00010144,8.0,0.807,0.433,1.24,0.22,1,STOP_LOSS+PARTIAL
20260624T150558Z,SOLUSDT,OUT_OF_SAMPLE,SHORT,DOWNTREND_LOW,2026-03-30T02:00:00+00:00,2026-03-30T08:00:00+00:00,7,61.0,1.124,-0.00027324,8.0,-1.735,-1.096,0.68,1.16,0,STOP_LOSS
20260624T150558Z,SOLUSDT,OUT_OF_SAMPLE,SHORT,DOWNTREND_LOW,2026-04-29T03:00:00+00:00,2026-04-29T09:00:00+00:00,7,61.7,1.208,-1.641e-05,26.0,-0.931,-1.194,2.11,1.47,0,STOP_LOSS
20260624T150558Z,SOLUSDT,OUT_OF_SAMPLE,SHORT,DOWNTREND_LOW,2026-05-01T01:00:00+00:00,2026-05-01T03:00:00+00:00,3,58.4,1.192,6.01e-05,26.0,-0.978,-1.183,0.61,1.12,0,STOP_LOSS
20260624T150558Z,SOLUSDT,OUT_OF_SAMPLE,SHORT,DOWNTREND_NORMAL,2026-05-29T16:00:00+00:00,2026-05-30T01:00:00+00:00,10,60.5,1.031,2.5e-05,23.0,0.549,0.408,1.19,0.26,1,STOP_LOSS+PARTIAL
20260624T150558Z,SOLUSDT,OUT_OF_SAMPLE,SHORT,DOWNTREND_HIGH,2026-06-07T04:00:00+00:00,2026-06-07T08:00:00+00:00,5,58.7,1.047,-7.23e-05,12.0,-2.495,-1.066,0.53,1.25,0,STOP_LOSS
20260624T150558Z,BNBUSDT,IN_SAMPLE,SHORT,DOWNTREND_HIGH,2024-08-06T00:00:00+00:00,2024-08-08T16:00:00+00:00,65,60.2,1.017,0.0,17.0,-4.473,-1.036,1.14,1.11,0,STOP_LOSS
20260624T150558Z,BNBUSDT,IN_SAMPLE,SHORT,DOWNTREND_NORMAL,2024-11-01T13:00:00+00:00,2024-11-01T15:00:00+00:00,3,59.5,1.267,0.0,75.0,1.854,1.853,2.77,0.1,1,TAKE_PROFIT
20260624T150558Z,BNBUSDT,IN_SAMPLE,SHORT,DOWNTREND_HIGH,2025-01-27T20:00:00+00:00,2025-01-28T00:00:00+00:00,5,58.8,1.036,0.0,71.0,-1.522,-1.111,0.81,0.97,0,STOP_LOSS
20260624T150558Z,BNBUSDT,IN_SAMPLE,SHORT,DOWNTREND_HIGH,2025-03-11T08:00:00+00:00,2025-03-12T12:00:00+00:00,29,61.3,1.034,-6.049e-05,24.0,1.156,0.452,1.77,0.24,1,STOP_LOSS+PARTIAL
20260624T150558Z,BNBUSDT,IN_SAMPLE,SHORT,DOWNTREND_NORMAL,2025-10-18T07:00:00+00:00,2025-10-19T09:00:00+00:00,27,60.5,1.191,0.0,23.0,3.112,1.444,2.13,0.49,1,TAKE_PROFIT+PARTIAL
20260624T150558Z,BNBUSDT,OUT_OF_SAMPLE,SHORT,DOWNTREND_NORMAL,2026-01-26T18:00:00+00:00,2026-01-27T02:00:00+00:00,9,58.5,1.041,5.329e-05,20.0,-0.977,-1.183,0.88,1.01,0,STOP_LOSS
20260624T150558Z,BNBUSDT,OUT_OF_SAMPLE,SHORT,DOWNTREND_HIGH,2026-02-02T15:00:00+00:00,2026-02-03T18:00:00+00:00,28,60.3,1.043,0.0,14.0,3.378,1.448,2.3,0.31,1,TAKE_PROFIT+PARTIAL
20260624T150558Z,BNBUSDT,OUT_OF_SAMPLE,SHORT,DOWNTREND_HIGH,2026-02-06T17:00:00+00:00,2026-02-09T10:00:00+00:00,66,59.1,1.002,0.0,9.0,4.723,1.463,2.15,0.36,1,TAKE_PROFIT+PARTIAL
20260624T150558Z,BNBUSDT,OUT_OF_SAMPLE,SHORT,DOWNTREND_NORMAL,2026-02-25T01:00:00+00:00,2026-02-25T12:00:00+00:00,12,60.1,1.249,0.0,11.0,-1.536,-1.11,1.66,1.8,0,STOP_LOSS
20260624T150558Z,BNBUSDT,OUT_OF_SAMPLE,SHORT,DOWNTREND_NORMAL,2026-03-23T11:00:00+00:00,2026-03-23T13:00:00+00:00,3,63.0,1.274,0.0,8.0,-1.463,-1.116,1.41,1.49,0,STOP_LOSS
20260624T150558Z,BNBUSDT,OUT_OF_SAMPLE,SHORT,DOWNTREND_NORMAL,2026-03-30T02:00:00+00:00,2026-03-31T01:00:00+00:00,24,61.3,1.007,0.0,8.0,0.351,0.369,1.59,0.82,1,STOP_LOSS+PARTIAL
20260624T150558Z,BNBUSDT,OUT_OF_SAMPLE,SHORT,DOWNTREND_LOW,2026-05-20T06:00:00+00:00,2026-05-20T14:00:00+00:00,9,58.4,1.198,7.62e-05,27.0,-0.816,-1.227,0.61,1.3,0,STOP_LOSS
20260624T150558Z,BNBUSDT,OUT_OF_SAMPLE,SHORT,DOWNTREND_NORMAL,2026-05-29T16:00:00+00:00,2026-05-30T01:00:00+00:00,10,61.0,1.149,0.0,23.0,-1.023,-1.174,1.04,1.73,0,STOP_LOSS
20260624T150558Z,BNBUSDT,OUT_OF_SAMPLE,SHORT,DOWNTREND_NORMAL,2026-06-07T04:00:00+00:00,2026-06-07T08:00:00+00:00,5,59.2,1.156,0.0,12.0,-1.505,-1.112,0.61,2.06,0,STOP_LOSS
20260624T150558Z,XRPUSDT,IN_SAMPLE,SHORT,DOWNTREND_HIGH,2024-08-06T00:00:00+00:00,2024-08-07T19:00:00+00:00,44,59.3,1.022,2.478e-05,17.0,-4.609,-1.035,1.08,1.16,0,STOP_LOSS
20260624T150558Z,XRPUSDT,IN_SAMPLE,SHORT,DOWNTREND_NORMAL,2024-10-04T18:00:00+00:00,2024-10-07T00:00:00+00:00,55,61.3,1.219,1.62e-05,41.0,0.829,0.435,1.25,0.02,1,STOP_LOSS+PARTIAL
20260624T150558Z,XRPUSDT,IN_SAMPLE,SHORT,DOWNTREND_NORMAL,2025-02-07T11:00:00+00:00,2025-02-07T13:00:00+00:00,3,59.0,1.104,2.9e-05,44.0,-3.224,-1.05,0.61,1.08,0,STOP_LOSS
20260624T150558Z,XRPUSDT,IN_SAMPLE,SHORT,DOWNTREND_LOW,2025-02-12T17:00:00+00:00,2025-02-13T21:00:00+00:00,29,58.9,1.197,1.842e-05,46.0,-2.497,-1.066,0.67,1.29,0,STOP_LOSS
20260624T150558Z,XRPUSDT,IN_SAMPLE,SHORT,DOWNTREND_NORMAL,2025-03-30T02:00:00+00:00,2025-03-31T00:00:00+00:00,23,60.6,1.176,-5.931e-05,32.0,2.943,1.441,2.46,0.53,1,TAKE_PROFIT+PARTIAL
20260624T150558Z,XRPUSDT,IN_SAMPLE,SHORT,DOWNTREND_HIGH,2025-04-08T11:00:00+00:00,2025-04-08T17:00:00+00:00,7,59.6,1.064,-0.00018793,24.0,5.272,1.467,2.19,0.22,1,TAKE_PROFIT+PARTIAL
20260624T150558Z,XRPUSDT,IN_SAMPLE,SHORT,DOWNTREND_LOW,2025-05-06T18:00:00+00:00,2025-05-08T01:00:00+00:00,32,58.3,1.065,3.011e-05,59.0,0.616,0.416,1.19,0.95,1,STOP_LOSS+PARTIAL
20260624T150558Z,XRPUSDT,IN_SAMPLE,SHORT,DOWNTREND_NORMAL,2025-05-18T05:00:00+00:00,2025-05-18T14:00:00+00:00,10,58.2,1.021,3.27e-05,74.0,-1.531,-1.11,0.49,1.69,0,STOP_LOSS
20260624T150558Z,XRPUSDT,IN_SAMPLE,SHORT,DOWNTREND_NORMAL,2025-05-25T22:00:00+00:00,2025-05-27T01:00:00+00:00,28,61.8,1.085,-6.308e-05,74.0,1.52,1.388,2.77,0.83,1,TAKE_PROFIT+PARTIAL
20260624T150558Z,XRPUSDT,IN_SAMPLE,SHORT,DOWNTREND_NORMAL,2025-05-31T16:00:00+00:00,2025-06-01T09:00:00+00:00,18,59.8,1.033,6.3e-06,50.0,2.141,1.419,2.05,0.47,1,TAKE_PROFIT+PARTIAL
20260624T150558Z,XRPUSDT,IN_SAMPLE,SHORT,DOWNTREND_LOW,2025-06-14T08:00:00+00:00,2025-06-14T16:00:00+00:00,9,58.6,1.043,-2.518e-05,63.0,1.758,1.402,2.07,0.25,1,TAKE_PROFIT+PARTIAL
20260624T150558Z,XRPUSDT,IN_SAMPLE,SHORT,DOWNTREND_HIGH,2025-06-23T19:00:00+00:00,2025-06-23T22:00:00+00:00,4,59.7,1.057,-4.243e-05,47.0,-2.349,-1.07,0.25,2.49,0,STOP_LOSS
20260624T150558Z,XRPUSDT,IN_SAMPLE,SHORT,DOWNTREND_NORMAL,2025-08-20T19:00:00+00:00,2025-08-21T19:00:00+00:00,25,61.3,1.273,7.329e-05,44.0,2.864,1.439,2.31,0.01,1,TAKE_PROFIT+PARTIAL
20260624T150558Z,XRPUSDT,IN_SAMPLE,SHORT,DOWNTREND_NORMAL,2025-08-26T16:00:00+00:00,2025-08-26T19:00:00+00:00,4,60.4,1.002,9.633e-05,48.0,-1.691,-1.099,0.65,2.77,0,STOP_LOSS
20260624T150558Z,XRPUSDT,IN_SAMPLE,SHORT,DOWNTREND_NORMAL,2025-08-31T00:00:00+00:00,2025-08-31T23:00:00+00:00,24,60.3,1.164,-5.81e-06,48.0,1.37,1.376,2.62,0.86,1,TAKE_PROFIT+PARTIAL
20260624T150558Z,XRPUSDT,IN_SAMPLE,SHORT,DOWNTREND_NORMAL,2025-10-08T17:00:00+00:00,2025-10-09T01:00:00+00:00,9,61.5,1.365,3.718e-05,60.0,1.598,1.393,2.06,0.16,1,TAKE_PROFIT+PARTIAL
20260624T150558Z,XRPUSDT,IN_SAMPLE,SHORT,DOWNTREND_HIGH,2025-10-12T15:00:00+00:00,2025-10-12T20:00:00+00:00,6,61.2,1.22,-9.372e-05,24.0,-3.22,-1.05,0.68,1.25,0,STOP_LOSS
20260624T150558Z,XRPUSDT,IN_SAMPLE,SHORT,DOWNTREND_NORMAL,2025-11-07T16:00:00+00:00,2025-11-07T17:00:00+00:00,2,59.0,1.105,-6.171e-05,24.0,-2.448,-1.067,1.21,1.45,0,STOP_LOSS
20260624T150558Z,XRPUSDT,IN_SAMPLE,SHORT,DOWNTREND_NORMAL,2025-11-07T17:00:00+00:00,2025-11-07T20:00:00+00:00,4,66.5,1.275,1.913e-05,24.0,-2.654,-1.062,1.02,1.1,0,STOP_LOSS
20260624T150558Z,XRPUSDT,IN_SAMPLE,SHORT,DOWNTREND_NORMAL,2025-11-18T16:00:00+00:00,2025-11-19T14:00:00+00:00,23,59.5,1.089,5.896e-05,11.0,3.67,1.453,2.27,0.28,1,TAKE_PROFIT+PARTIAL
20260624T150558Z,XRPUSDT,IN_SAMPLE,SHORT,DOWNTREND_NORMAL,2025-12-02T14:00:00+00:00,2025-12-02T15:00:00+00:00,2,68.2,1.37,1.713e-05,23.0,-1.774,-1.094,1.54,2.14,0,STOP_LOSS
20260624T150558Z,XRPUSDT,IN_SAMPLE,SHORT,DOWNTREND_LOW,2025-12-07T03:00:00+00:00,2025-12-07T08:00:00+00:00,6,65.7,1.371,-8.124e-05,20.0,1.322,1.372,2.18,0.27,1,TAKE_PROFIT+PARTIAL
20260624T150558Z,XRPUSDT,IN_SAMPLE,SHORT,DOWNTREND_LOW,2025-12-11T21:00:00+00:00,2025-12-12T15:00:00+00:00,19,59.2,1.213,-0.00011765,29.0,2.827,1.902,2.39,0.5,1,TAKE_PROFIT
20260624T150558Z,XRPUSDT,IN_SAMPLE,SHORT,DOWNTREND_NORMAL,2025-12-16T12:00:00+00:00,2025-12-16T15:00:00+00:00,4,59.1,1.2,-9.984e-05,11.0,0.596,0.414,1.3,0.49,1,STOP_LOSS+PARTIAL
20260624T150558Z,XRPUSDT,IN_SAMPLE,SHORT,DOWNTREND_NORMAL,2025-12-16T15:00:00+00:00,2025-12-17T14:00:00+00:00,24,58.6,1.051,-9.984e-05,11.0,0.728,0.427,1.35,0.79,1,STOP_LOSS+PARTIAL
20260624T150558Z,XRPUSDT,IN_SAMPLE,SHORT,DOWNTREND_HIGH,2025-12-18T13:00:00+00:00,2025-12-18T17:00:00+00:00,5,62.4,1.205,-0.00016647,17.0,2.994,1.907,2.51,0.67,1,TAKE_PROFIT
20260624T150558Z,XRPUSDT,OUT_OF_SAMPLE,SHORT,DOWNTREND_NORMAL,2026-01-21T14:00:00+00:00,2026-01-21T16:00:00+00:00,3,60.2,1.27,-8.942e-05,24.0,2.794,1.901,2.31,0.63,1,TAKE_PROFIT
20260624T150558Z,XRPUSDT,OUT_OF_SAMPLE,SHORT,DOWNTREND_HIGH,2026-01-21T19:00:00+00:00,2026-01-25T14:00:00+00:00,92,61.3,1.196,7.879e-05,24.0,3.195,1.445,2.05,0.4,1,TAKE_PROFIT+PARTIAL
20260624T150558Z,XRPUSDT,OUT_OF_SAMPLE,SHORT,DOWNTREND_HIGH,2026-02-02T12:00:00+00:00,2026-02-03T18:00:00+00:00,31,61.1,1.131,4.967e-05,14.0,4.114,1.458,2.5,0.24,1,TAKE_PROFIT+PARTIAL
20260624T150558Z,XRPUSDT,OUT_OF_SAMPLE,SHORT,DOWNTREND_LOW,2026-03-08T10:00:00+00:00,2026-03-08T13:00:00+00:00,4,58.2,1.075,-0.00016475,12.0,1.257,1.366,2.13,0.24,1,TAKE_PROFIT+PARTIAL
20260624T150558Z,XRPUSDT,OUT_OF_SAMPLE,SHORT,DOWNTREND_NORMAL,2026-03-23T11:00:00+00:00,2026-03-23T13:00:00+00:00,3,61.8,1.187,5.738e-05,8.0,-1.884,-1.088,1.6,1.37,0,STOP_LOSS
20260624T150558Z,XRPUSDT,OUT_OF_SAMPLE,SHORT,DOWNTREND_LOW,2026-03-28T13:00:00+00:00,2026-03-29T14:00:00+00:00,26,62.2,1.111,-3.716e-05,12.0,1.264,1.367,2.11,0.62,1,TAKE_PROFIT+PARTIAL
20260624T150558Z,XRPUSDT,OUT_OF_SAMPLE,SHORT,DOWNTREND_LOW,2026-04-29T04:00:00+00:00,2026-04-29T09:00:00+00:00,6,59.9,1.131,-4.312e-05,26.0,-0.883,-1.207,0.74,1.14,0,STOP_LOSS
20260624T150558Z,XRPUSDT,OUT_OF_SAMPLE,SHORT,DOWNTREND_HIGH,2026-05-28T16:00:00+00:00,2026-05-29T08:00:00+00:00,17,61.9,1.036,-0.00011609,22.0,0.568,0.41,1.09,0.8,1,STOP_LOSS+PARTIAL
20260624T150558Z,XRPUSDT,OUT_OF_SAMPLE,SHORT,DOWNTREND_HIGH,2026-06-07T01:00:00+00:00,2026-06-07T08:00:00+00:00,8,58.7,1.227,-9.526e-05,12.0,-2.282,-1.072,1.17,1.68,0,STOP_LOSS
20260624T150558Z,XRPUSDT,OUT_OF_SAMPLE,SHORT,DOWNTREND_NORMAL,2026-06-11T17:00:00+00:00,2026-06-12T15:00:00+00:00,23,63.6,1.163,-2.752e-05,12.0,-1.806,-1.092,1.87,0.97,0,STOP_LOSS
20260624T150558Z,XRPUSDT,OUT_OF_SAMPLE,SHORT,DOWNTREND_LOW,2026-06-20T05:00:00+00:00,2026-06-20T15:00:00+00:00,11,58.3,1.057,-3.917e-05,23.0,0.396,0.381,1.15,0.68,1,STOP_LOSS+PARTIAL
20260624T150558Z,DOGEUSDT,IN_SAMPLE,SHORT,DOWNTREND_NORMAL,2024-09-04T15:00:00+00:00,2024-09-05T13:00:00+00:00,23,60.4,1.022,5.373e-05,27.0,0.794,0.432,1.4,0.54,1,STOP_LOSS+PARTIAL
20260624T150558Z,DOGEUSDT,IN_SAMPLE,SHORT,DOWNTREND_NORMAL,2024-12-23T20:00:00+00:00,2024-12-24T13:00:00+00:00,18,58.5,1.013,-3.872e-05,70.0,-3.323,-1.049,0.72,1.15,0,STOP_LOSS
20260624T150558Z,DOGEUSDT,IN_SAMPLE,SHORT,DOWNTREND_LOW,2024-12-27T09:00:00+00:00,2024-12-28T14:00:00+00:00,30,58.8,1.353,-4.522e-05,74.0,0.948,0.442,1.86,0.43,1,STOP_LOSS+PARTIAL
20260624T150558Z,DOGEUSDT,IN_SAMPLE,SHORT,DOWNTREND_LOW,2025-01-25T15:00:00+00:00,2025-01-26T22:00:00+00:00,32,59.1,1.156,-5.578e-05,75.0,2.324,1.425,2.36,0.93,1,TAKE_PROFIT+PARTIAL
20260624T150558Z,DOGEUSDT,IN_SAMPLE,SHORT,DOWNTREND_HIGH,2025-02-03T19:00:00+00:00,2025-02-06T15:00:00+00:00,69,62.9,1.022,-5.983e-05,44.0,9.292,1.482,2.19,0.35,1,TAKE_PROFIT+PARTIAL
20260624T150558Z,DOGEUSDT,IN_SAMPLE,SHORT,DOWNTREND_NORMAL,2025-02-07T13:00:00+00:00,2025-02-07T20:00:00+00:00,8,59.4,1.063,4.669e-05,44.0,3.58,1.451,2.43,0.52,1,TAKE_PROFIT+PARTIAL
20260624T150558Z,DOGEUSDT,IN_SAMPLE,SHORT,DOWNTREND_HIGH,2025-03-11T18:00:00+00:00,2025-03-14T15:00:00+00:00,70,58.1,1.054,7.443e-05,24.0,-4.764,-1.034,0.99,1.19,0,STOP_LOSS
20260624T150558Z,DOGEUSDT,IN_SAMPLE,SHORT,DOWNTREND_NORMAL,2025-05-06T22:00:00+00:00,2025-05-08T01:00:00+00:00,28,60.4,1.0,1.691e-05,59.0,-1.957,-1.085,1.03,1.38,0,STOP_LOSS
20260624T150558Z,DOGEUSDT,IN_SAMPLE,SHORT,DOWNTREND_NORMAL,2025-05-25T23:00:00+00:00,2025-05-26T06:00:00+00:00,8,60.0,1.002,1.095e-05,74.0,-1.792,-1.093,0.63,1.1,0,STOP_LOSS
20260624T150558Z,DOGEUSDT,IN_SAMPLE,SHORT,DOWNTREND_HIGH,2025-06-06T14:00:00+00:00,2025-06-07T03:00:00+00:00,14,61.7,1.124,-2.465e-05,45.0,0.923,0.441,1.32,0.44,1,STOP_LOSS+PARTIAL
20260624T150558Z,DOGEUSDT,IN_SAMPLE,SHORT,DOWNTREND_HIGH,2025-06-23T18:00:00+00:00,2025-06-23T22:00:00+00:00,5,58.4,1.036,-4.51e-06,47.0,-2.755,-1.059,0.28,2.15,0,STOP_LOSS
20260624T150558Z,DOGEUSDT,IN_SAMPLE,SHORT,DOWNTREND_LOW,2025-07-02T06:00:00+00:00,2025-07-02T14:00:00+00:00,9,58.0,1.015,-6.097e-05,63.0,-1.324,-1.13,0.79,1.27,0,STOP_LOSS
20260624T150558Z,DOGEUSDT,IN_SAMPLE,SHORT,DOWNTREND_HIGH,2025-07-25T23:00:00+00:00,2025-07-27T05:00:00+00:00,31,59.7,1.002,0.0001,70.0,-2.817,-1.058,0.6,1.06,0,STOP_LOSS
20260624T150558Z,DOGEUSDT,IN_SAMPLE,SHORT,DOWNTREND_NORMAL,2025-08-20T17:00:00+00:00,2025-08-21T02:00:00+00:00,10,60.9,1.14,3.49e-05,44.0,-2.385,-1.069,0.72,0.99,0,STOP_LOSS
20260624T150558Z,DOGEUSDT,IN_SAMPLE,SHORT,DOWNTREND_NORMAL,2025-08-26T19:00:00+00:00,2025-08-27T21:00:00+00:00,27,61.5,1.165,-4.269e-05,48.0,-2.191,-1.075,0.79,1.0,0,STOP_LOSS
20260624T150558Z,DOGEUSDT,IN_SAMPLE,SHORT,DOWNTREND_NORMAL,2025-09-26T17:00:00+00:00,2025-09-28T16:00:00+00:00,48,59.0,1.187,0.0001,28.0,0.978,0.444,1.29,0.53,1,STOP_LOSS+PARTIAL
20260624T150558Z,DOGEUSDT,IN_SAMPLE,SHORT,DOWNTREND_HIGH,2025-10-12T15:00:00+00:00,2025-10-12T20:00:00+00:00,6,67.4,1.31,-0.00010444,24.0,-3.93,-1.041,1.23,1.17,0,STOP_LOSS
20260624T150558Z,DOGEUSDT,IN_SAMPLE,SHORT,DOWNTREND_LOW,2025-10-23T06:00:00+00:00,2025-10-24T04:00:00+00:00,23,62.3,1.108,8.654e-05,27.0,-1.892,-1.088,0.97,1.02,0,STOP_LOSS
20260624T150558Z,DOGEUSDT,IN_SAMPLE,SHORT,DOWNTREND_NORMAL,2025-11-23T02:00:00+00:00,2025-11-23T14:00:00+00:00,13,58.5,1.021,4.6e-05,13.0,-2.512,-1.065,0.42,1.13,0,STOP_LOSS
20260624T150558Z,DOGEUSDT,IN_SAMPLE,SHORT,DOWNTREND_LOW,2025-12-02T13:00:00+00:00,2025-12-02T14:00:00+00:00,2,58.3,1.018,-3.572e-05,23.0,-1.558,-1.108,0.66,1.9,0,STOP_LOSS
20260624T150558Z,DOGEUSDT,IN_SAMPLE,SHORT,DOWNTREND_NORMAL,2025-12-02T14:00:00+00:00,2025-12-02T15:00:00+00:00,2,71.6,1.347,-3.572e-05,23.0,-1.718,-1.097,1.75,2.73,0,STOP_LOSS
20260624T150558Z,DOGEUSDT,IN_SAMPLE,SHORT,DOWNTREND_NORMAL,2025-12-11T21:00:00+00:00,2025-12-12T15:00:00+00:00,19,60.8,1.318,-7.076e-05,29.0,2.371,1.427,2.86,0.45,1,TAKE_PROFIT+PARTIAL
20260624T150558Z,DOGEUSDT,IN_SAMPLE,SHORT,DOWNTREND_NORMAL,2025-12-13T10:00:00+00:00,2025-12-13T22:00:00+00:00,13,61.6,1.103,4.469e-05,23.0,0.373,0.375,1.16,0.37,1,STOP_LOSS+PARTIAL
20260624T150558Z,DOGEUSDT,IN_SAMPLE,SHORT,DOWNTREND_NORMAL,2025-12-17T14:00:00+00:00,2025-12-17T15:00:00+00:00,2,68.9,1.264,7.406e-05,16.0,2.945,1.906,2.44,0.88,1,TAKE_PROFIT
20260624T150558Z,DOGEUSDT,IN_SAMPLE,SHORT,DOWNTREND_HIGH,2025-12-18T13:00:00+00:00,2025-12-18T17:00:00+00:00,5,60.5,1.313,-5.158e-05,17.0,3.214,1.914,3.65,0.66,1,TAKE_PROFIT
20260624T150558Z,DOGEUSDT,IN_SAMPLE,SHORT,DOWNTREND_LOW,2025-12-27T23:00:00+00:00,2025-12-29T00:00:00+00:00,26,62.7,1.369,5.477e-05,23.0,0.311,0.357,1.46,1.25,1,STOP_LOSS+PARTIAL
20260624T150558Z,DOGEUSDT,OUT_OF_SAMPLE,SHORT,DOWNTREND_LOW,2026-01-17T15:00:00+00:00,2026-01-18T01:00:00+00:00,11,63.9,1.33,-1.522e-05,50.0,1.244,1.365,2.12,0.39,1,TAKE_PROFIT+PARTIAL
20260624T150558Z,DOGEUSDT,OUT_OF_SAMPLE,SHORT,DOWNTREND_HIGH,2026-01-21T19:00:00+00:00,2026-01-23T14:00:00+00:00,44,59.9,1.023,-2.782e-05,24.0,3.349,1.448,2.05,0.25,1,TAKE_PROFIT+PARTIAL
20260624T150558Z,DOGEUSDT,OUT_OF_SAMPLE,SHORT,DOWNTREND_HIGH,2026-02-06T14:00:00+00:00,2026-02-06T16:00:00+00:00,3,59.0,1.062,-6.742e-05,9.0,-3.862,-1.042,0.75,1.03,0,STOP_LOSS
20260624T150558Z,DOGEUSDT,OUT_OF_SAMPLE,SHORT,DOWNTREND_HIGH,2026-02-06T16:00:00+00:00,2026-02-07T18:00:00+00:00,27,65.9,1.098,-0.00012569,9.0,1.727,0.467,1.21,0.8,1,STOP_LOSS+PARTIAL
20260624T150558Z,DOGEUSDT,OUT_OF_SAMPLE,SHORT,DOWNTREND_NORMAL,2026-02-25T01:00:00+00:00,2026-02-25T09:00:00+00:00,9,62.3,1.37,3.966e-05,11.0,0.747,0.429,1.69,0.66,1,STOP_LOSS+PARTIAL
20260624T150558Z,DOGEUSDT,OUT_OF_SAMPLE,SHORT,DOWNTREND_NORMAL,2026-03-04T08:00:00+00:00,2026-03-04T14:00:00+00:00,7,64.0,1.355,-0.00018443,10.0,-2.287,-1.072,1.32,1.93,0,STOP_LOSS
20260624T150558Z,DOGEUSDT,OUT_OF_SAMPLE,SHORT,DOWNTREND_NORMAL,2026-03-23T11:00:00+00:00,2026-03-23T13:00:00+00:00,3,62.9,1.235,-4.453e-05,8.0,-1.946,-1.085,1.54,1.69,0,STOP_LOSS
20260624T150558Z,DOGEUSDT,OUT_OF_SAMPLE,SHORT,DOWNTREND_LOW,2026-03-28T07:00:00+00:00,2026-03-28T10:00:00+00:00,4,58.5,1.387,-0.00010329,12.0,-1.184,-1.147,0.92,1.02,0,STOP_LOSS
20260624T150558Z,DOGEUSDT,OUT_OF_SAMPLE,SHORT,DOWNTREND_NORMAL,2026-05-23T20:00:00+00:00,2026-05-24T14:00:00+00:00,19,68.1,1.195,4.92e-06,28.0,2.105,1.418,2.36,0.17,1,TAKE_PROFIT+PARTIAL
20260624T150558Z,DOGEUSDT,OUT_OF_SAMPLE,SHORT,DOWNTREND_NORMAL,2026-05-29T15:00:00+00:00,2026-05-30T03:00:00+00:00,13,59.2,1.012,0.0001,23.0,-1.545,-1.109,1.14,1.03,0,STOP_LOSS
20260624T150558Z,DOGEUSDT,OUT_OF_SAMPLE,SHORT,DOWNTREND_HIGH,2026-06-07T01:00:00+00:00,2026-06-07T08:00:00+00:00,8,59.5,1.231,-5.421e-05,12.0,-2.38,-1.069,0.97,1.15,0,STOP_LOSS
20260624T150558Z,DOGEUSDT,OUT_OF_SAMPLE,SHORT,DOWNTREND_LOW,2026-06-20T05:00:00+00:00,2026-06-20T15:00:00+00:00,11,58.6,1.035,7.5e-07,23.0,0.36,0.371,1.66,0.46,1,STOP_LOSS+PARTIAL
20260624T150558Z,AVAXUSDT,IN_SAMPLE,SHORT,DOWNTREND_NORMAL,2024-07-26T05:00:00+00:00,2024-07-26T16:00:00+00:00,12,59.0,1.072,-0.00015478,68.0,-2.505,-1.065,0.85,1.07,0,STOP_LOSS
20260624T150558Z,AVAXUSDT,IN_SAMPLE,SHORT,DOWNTREND_NORMAL,2024-08-12T11:00:00+00:00,2024-08-12T14:00:00+00:00,4,63.3,1.064,-0.00018964,25.0,0.828,0.435,2.27,0.44,1,STOP_LOSS+PARTIAL
20260624T150558Z,AVAXUSDT,IN_SAMPLE,SHORT,DOWNTREND_NORMAL,2024-08-29T15:00:00+00:00,2024-08-29T18:00:00+00:00,4,59.9,1.123,-0.00013522,29.0,4.238,1.935,2.42,0.62,1,TAKE_PROFIT
20260624T150558Z,AVAXUSDT,IN_SAMPLE,SHORT,DOWNTREND_NORMAL,2024-09-04T15:00:00+00:00,2024-09-05T14:00:00+00:00,24,60.4,1.11,-6.899e-05,27.0,0.847,0.436,1.24,0.68,1,STOP_LOSS+PARTIAL
20260624T150558Z,AVAXUSDT,IN_SAMPLE,SHORT,DOWNTREND_NORMAL,2024-09-06T12:00:00+00:00,2024-09-06T16:00:00+00:00,5,58.7,1.095,-6.802e-05,22.0,2.625,1.434,2.5,0.72,1,TAKE_PROFIT+PARTIAL
20260624T150558Z,AVAXUSDT,IN_SAMPLE,SHORT,DOWNTREND_NORMAL,2024-10-04T08:00:00+00:00,2024-10-04T13:00:00+00:00,6,59.7,1.002,-0.00029116,41.0,-2.224,-1.074,0.36,1.01,0,STOP_LOSS
20260624T150558Z,AVAXUSDT,IN_SAMPLE,SHORT,DOWNTREND_LOW,2024-10-27T13:00:00+00:00,2024-10-28T05:00:00+00:00,17,58.2,1.113,-0.00023747,74.0,1.537,1.389,2.29,0.84,1,TAKE_PROFIT+PARTIAL
20260624T150558Z,AVAXUSDT,IN_SAMPLE,SHORT,DOWNTREND_NORMAL,2024-11-01T13:00:00+00:00,2024-11-01T15:00:00+00:00,3,62.3,1.221,-3.866e-05,75.0,2.845,1.903,2.69,0.24,1,TAKE_PROFIT
20260624T150558Z,AVAXUSDT,IN_SAMPLE,SHORT,DOWNTREND_HIGH,2024-12-11T13:00:00+00:00,2024-12-11T15:00:00+00:00,3,62.7,1.128,0.0001,74.0,-3.288,-1.049,0.77,1.04,0,STOP_LOSS
20260624T150558Z,AVAXUSDT,IN_SAMPLE,SHORT,DOWNTREND_NORMAL,2024-12-23T20:00:00+00:00,2024-12-23T23:00:00+00:00,4,60.2,1.101,4.044e-05,70.0,-3.527,-1.046,1.07,1.12,0,STOP_LOSS
20260624T150558Z,AVAXUSDT,IN_SAMPLE,SHORT,DOWNTREND_LOW,2024-12-28T16:00:00+00:00,2024-12-29T17:00:00+00:00,26,58.1,1.249,-1.702e-05,72.0,2.562,1.432,2.13,0.94,1,TAKE_PROFIT+PARTIAL
20260624T150558Z,AVAXUSDT,IN_SAMPLE,SHORT,DOWNTREND_NORMAL,2025-01-10T07:00:00+00:00,2025-01-10T16:00:00+00:00,10,60.8,1.022,8.323e-05,50.0,3.191,1.445,2.07,0.31,1,TAKE_PROFIT+PARTIAL
20260624T150558Z,AVAXUSDT,IN_SAMPLE,SHORT,DOWNTREND_LOW,2025-01-11T20:00:00+00:00,2025-01-12T14:00:00+00:00,19,62.4,1.358,2.195e-05,69.0,0.722,0.427,1.58,0.65,1,STOP_LOSS+PARTIAL
20260624T150558Z,AVAXUSDT,IN_SAMPLE,SHORT,DOWNTREND_NORMAL,2025-01-21T17:00:00+00:00,2025-01-23T13:00:00+00:00,45,58.6,1.011,0.0001,76.0,4.527,1.462,2.06,0.54,1,TAKE_PROFIT+PARTIAL
20260624T150558Z,AVAXUSDT,IN_SAMPLE,SHORT,DOWNTREND_NORMAL,2025-01-24T05:00:00+00:00,2025-01-25T15:00:00+00:00,35,58.3,1.027,0.0001,75.0,1.17,0.452,1.44,0.58,1,STOP_LOSS+PARTIAL
20260624T150558Z,AVAXUSDT,IN_SAMPLE,SHORT,DOWNTREND_NORMAL,2025-01-30T03:00:00+00:00,2025-01-30T15:00:00+00:00,13,62.0,1.023,7.026e-05,70.0,-2.498,-1.065,0.52,1.03,0,STOP_LOSS
20260624T150558Z,AVAXUSDT,IN_SAMPLE,SHORT,DOWNTREND_NORMAL,2025-02-07T13:00:00+00:00,2025-02-07T20:00:00+00:00,8,58.6,1.12,3.721e-05,44.0,3.64,1.452,3.07,0.59,1,TAKE_PROFIT+PARTIAL
20260624T150558Z,AVAXUSDT,IN_SAMPLE,SHORT,DOWNTREND_NORMAL,2025-03-05T09:00:00+00:00,2025-03-05T17:00:00+00:00,9,58.6,1.188,-0.00023251,20.0,1.383,0.459,1.09,0.98,1,STOP_LOSS+PARTIAL
20260624T150558Z,AVAXUSDT,IN_SAMPLE,SHORT,DOWNTREND_NORMAL,2025-03-08T16:00:00+00:00,2025-03-09T13:00:00+00:00,22,58.8,1.004,-3.524e-05,28.0,4.309,1.46,2.09,0.61,1,TAKE_PROFIT+PARTIAL
20260624T150558Z,AVAXUSDT,IN_SAMPLE,SHORT,DOWNTREND_NORMAL,2025-04-04T08:00:00+00:00,2025-04-04T11:00:00+00:00,4,58.1,1.064,-5.308e-05,28.0,3.268,1.447,2.38,0.38,1,TAKE_PROFIT+PARTIAL
20260624T150558Z,AVAXUSDT,IN_SAMPLE,SHORT,DOWNTREND_HIGH,2025-04-07T17:00:00+00:00,2025-04-09T16:00:00+00:00,48,62.1,1.075,-0.00022415,23.0,2.262,0.474,1.86,0.77,1,STOP_LOSS+PARTIAL
20260624T150558Z,AVAXUSDT,IN_SAMPLE,SHORT,DOWNTREND_NORMAL,2025-05-18T07:00:00+00:00,2025-05-18T14:00:00+00:00,8,60.8,1.179,6.38e-06,74.0,-2.278,-1.072,0.9,1.2,0,STOP_LOSS
20260624T150558Z,AVAXUSDT,IN_SAMPLE,SHORT,DOWNTREND_NORMAL,2025-06-06T14:00:00+00:00,2025-06-06T22:00:00+00:00,9,60.2,1.009,-0.000184,45.0,0.814,0.434,1.32,0.27,1,STOP_LOSS+PARTIAL
20260624T150558Z,AVAXUSDT,IN_SAMPLE,SHORT,DOWNTREND_LOW,2025-06-16T01:00:00+00:00,2025-06-16T05:00:00+00:00,5,60.6,1.107,-2.71e-05,61.0,-1.758,-1.095,1.39,1.0,0,STOP_LOSS
20260624T150558Z,AVAXUSDT,IN_SAMPLE,SHORT,DOWNTREND_NORMAL,2025-06-20T07:00:00+00:00,2025-06-20T14:00:00+00:00,8,61.0,1.085,4.512e-05,54.0,2.973,1.907,2.1,0.28,1,TAKE_PROFIT
20260624T150558Z,AVAXUSDT,IN_SAMPLE,SHORT,DOWNTREND_LOW,2025-07-02T06:00:00+00:00,2025-07-02T15:00:00+00:00,10,61.0,1.018,-9.383e-05,63.0,-1.556,-1.108,0.89,1.54,0,STOP_LOSS
20260624T150558Z,AVAXUSDT,IN_SAMPLE,SHORT,DOWNTREND_NORMAL,2025-08-20T17:00:00+00:00,2025-08-22T12:00:00+00:00,44,60.6,1.071,0.0001,44.0,2.971,1.441,2.45,0.52,1,TAKE_PROFIT+PARTIAL
20260624T150558Z,AVAXUSDT,IN_SAMPLE,SHORT,DOWNTREND_LOW,2025-10-08T17:00:00+00:00,2025-10-08T18:00:00+00:00,2,58.7,1.278,-1.182e-05,60.0,-1.81,-1.092,0.94,1.4,0,STOP_LOSS
20260624T150558Z,AVAXUSDT,IN_SAMPLE,SHORT,DOWNTREND_NORMAL,2025-10-08T18:00:00+00:00,2025-10-09T02:00:00+00:00,9,65.2,1.298,-1.182e-05,60.0,2.569,1.432,2.36,0.55,1,TAKE_PROFIT+PARTIAL
20260624T150558Z,AVAXUSDT,IN_SAMPLE,SHORT,DOWNTREND_HIGH,2025-10-12T16:00:00+00:00,2025-10-13T17:00:00+00:00,26,58.9,1.164,-0.00053536,24.0,-4.145,-1.039,1.0,1.01,0,STOP_LOSS
20260624T150558Z,AVAXUSDT,IN_SAMPLE,SHORT,DOWNTREND_LOW,2025-10-19T10:00:00+00:00,2025-10-19T13:00:00+00:00,4,60.1,1.103,5.833e-05,29.0,-1.888,-1.088,0.96,0.99,0,STOP_LOSS
20260624T150558Z,AVAXUSDT,IN_SAMPLE,SHORT,DOWNTREND_LOW,2025-11-23T15:00:00+00:00,2025-11-24T02:00:00+00:00,12,58.8,1.014,-4.784e-05,13.0,0.455,0.393,1.61,0.58,1,STOP_LOSS+PARTIAL
20260624T150558Z,AVAXUSDT,IN_SAMPLE,SHORT,DOWNTREND_NORMAL,2025-12-02T14:00:00+00:00,2025-12-02T15:00:00+00:00,2,61.7,1.114,-0.00015567,23.0,-1.953,-1.085,1.09,1.93,0,STOP_LOSS
20260624T150558Z,AVAXUSDT,IN_SAMPLE,SHORT,DOWNTREND_NORMAL,2025-12-02T15:00:00+00:00,2025-12-03T04:00:00+00:00,14,72.3,1.356,-0.00015567,23.0,-2.135,-1.077,1.51,1.0,0,STOP_LOSS
20260624T150558Z,AVAXUSDT,IN_SAMPLE,SHORT,DOWNTREND_LOW,2025-12-07T02:00:00+00:00,2025-12-07T14:00:00+00:00,13,58.1,1.003,-0.0001627,20.0,1.802,1.405,3.34,0.06,1,TAKE_PROFIT+PARTIAL
20260624T150558Z,AVAXUSDT,IN_SAMPLE,SHORT,DOWNTREND_NORMAL,2025-12-07T17:00:00+00:00,2025-12-08T01:00:00+00:00,9,59.8,1.027,-6.954e-05,20.0,0.773,0.431,1.59,0.78,1,STOP_LOSS+PARTIAL
20260624T150558Z,AVAXUSDT,IN_SAMPLE,SHORT,DOWNTREND_NORMAL,2025-12-17T14:00:00+00:00,2025-12-17T16:00:00+00:00,3,61.4,1.054,5.814e-05,16.0,2.387,1.427,2.98,0.96,1,TAKE_PROFIT+PARTIAL
20260624T150558Z,AVAXUSDT,IN_SAMPLE,SHORT,DOWNTREND_HIGH,2025-12-18T13:00:00+00:00,2025-12-18T17:00:00+00:00,5,62.9,1.378,-0.00018937,17.0,3.559,1.922,3.37,0.67,1,TAKE_PROFIT
20260624T150558Z,AVAXUSDT,OUT_OF_SAMPLE,SHORT,DOWNTREND_HIGH,2026-01-21T19:00:00+00:00,2026-01-23T14:00:00+00:00,44,59.9,1.134,-0.00013232,24.0,3.347,1.448,2.06,0.48,1,TAKE_PROFIT+PARTIAL
20260624T150558Z,AVAXUSDT,OUT_OF_SAMPLE,SHORT,DOWNTREND_NORMAL,2026-01-27T16:00:00+00:00,2026-01-27T19:00:00+00:00,4,63.5,1.114,-9.695e-05,29.0,0.522,0.404,2.02,0.46,1,STOP_LOSS+PARTIAL
20260624T150558Z,AVAXUSDT,OUT_OF_SAMPLE,SHORT,DOWNTREND_HIGH,2026-02-06T14:00:00+00:00,2026-02-06T16:00:00+00:00,3,58.3,1.099,-0.00011395,9.0,-3.9,-1.042,0.74,1.01,0,STOP_LOSS
20260624T150558Z,AVAXUSDT,OUT_OF_SAMPLE,SHORT,DOWNTREND_HIGH,2026-02-06T16:00:00+00:00,2026-02-07T12:00:00+00:00,21,65.8,1.13,-0.00010395,9.0,1.724,0.467,1.02,0.64,1,STOP_LOSS+PARTIAL
20260624T150558Z,AVAXUSDT,OUT_OF_SAMPLE,SHORT,DOWNTREND_NORMAL,2026-02-25T01:00:00+00:00,2026-02-25T08:00:00+00:00,8,68.1,1.421,-5.472e-05,11.0,0.818,0.434,1.85,0.55,1,STOP_LOSS+PARTIAL
20260624T150558Z,AVAXUSDT,OUT_OF_SAMPLE,SHORT,DOWNTREND_NORMAL,2026-03-23T11:00:00+00:00,2026-03-23T13:00:00+00:00,3,67.6,1.372,4.707e-05,8.0,-2.147,-1.077,2.03,1.39,0,STOP_LOSS
20260624T150558Z,AVAXUSDT,OUT_OF_SAMPLE,SHORT,DOWNTREND_LOW,2026-03-28T15:00:00+00:00,2026-03-29T10:00:00+00:00,20,62.6,1.182,-0.00012344,12.0,1.713,1.4,2.47,0.46,1,TAKE_PROFIT+PARTIAL
20260624T150558Z,AVAXUSDT,OUT_OF_SAMPLE,SHORT,DOWNTREND_LOW,2026-03-30T02:00:00+00:00,2026-03-30T08:00:00+00:00,7,59.5,1.021,-2.78e-06,8.0,-1.677,-1.1,0.6,2.09,0,STOP_LOSS
20260624T150558Z,AVAXUSDT,OUT_OF_SAMPLE,SHORT,DOWNTREND_NORMAL,2026-04-03T05:00:00+00:00,2026-04-03T12:00:00+00:00,8,59.5,1.117,-6.291e-05,9.0,-1.602,-1.105,0.7,1.4,0,STOP_LOSS
20260624T150558Z,AVAXUSDT,OUT_OF_SAMPLE,SHORT,DOWNTREND_LOW,2026-04-29T03:00:00+00:00,2026-04-29T04:00:00+00:00,2,62.9,1.38,3.18e-06,26.0,-1.077,-1.164,0.93,1.05,0,STOP_LOSS
20260624T150558Z,AVAXUSDT,OUT_OF_SAMPLE,SHORT,DOWNTREND_NORMAL,2026-06-07T08:00:00+00:00,2026-06-07T19:00:00+00:00,12,58.9,1.007,-6.724e-05,12.0,3.43,1.449,2.25,0.07,1,TAKE_PROFIT+PARTIAL
20260624T150558Z,AVAXUSDT,OUT_OF_SAMPLE,SHORT,DOWNTREND_NORMAL,2026-06-20T10:00:00+00:00,2026-06-20T22:00:00+00:00,13,61.5,1.003,-0.00013524,23.0,1.183,0.453,1.15,0.26,1,STOP_LOSS+PARTIAL
20260624T150558Z,BTCUSDT,IN_SAMPLE,SHORT,DOWNTREND_HIGH,2024-08-08T12:00:00+00:00,2024-08-08T20:00:00+00:00,3,58.7,1.032,3.086e-05,20.0,-4.554,-1.036,1.04,1.27,0,STOP_LOSS
20260624T150558Z,BTCUSDT,IN_SAMPLE,SHORT,DOWNTREND_NORMAL,2024-09-09T16:00:00+00:00,2024-09-11T16:00:00+00:00,13,63.9,1.327,-7.108e-05,26.0,1.051,0.447,1.3,0.74,1,STOP_LOSS+PARTIAL
20260624T150558Z,BTCUSDT,IN_SAMPLE,SHORT,DOWNTREND_LOW,2025-02-11T04:00:00+00:00,2025-02-11T16:00:00+00:00,4,58.1,1.057,4.218e-05,47.0,3.211,1.914,2.06,0.13,1,TAKE_PROFIT
20260624T150558Z,BTCUSDT,IN_SAMPLE,SHORT,DOWNTREND_HIGH,2025-03-02T16:00:00+00:00,2025-03-03T16:00:00+00:00,7,71.6,1.263,-2.869e-05,26.0,5.234,1.467,2.39,0.44,1,TAKE_PROFIT+PARTIAL
20260624T150558Z,BTCUSDT,IN_SAMPLE,SHORT,DOWNTREND_LOW,2025-03-14T12:00:00+00:00,2025-03-17T16:00:00+00:00,20,58.4,1.038,5.331e-05,27.0,1.421,0.46,1.05,0.22,1,STOP_LOSS+PARTIAL
20260624T150558Z,BTCUSDT,IN_SAMPLE,SHORT,DOWNTREND_LOW,2025-04-01T12:00:00+00:00,2025-04-02T12:00:00+00:00,7,61.8,1.287,2.889e-05,34.0,-2.149,-1.077,1.61,1.21,0,STOP_LOSS
20260624T150558Z,BTCUSDT,IN_SAMPLE,SHORT,DOWNTREND_HIGH,2025-04-09T16:00:00+00:00,2025-04-11T08:00:00+00:00,11,58.3,1.01,6.856e-05,18.0,1.937,0.47,1.53,0.37,1,STOP_LOSS+PARTIAL
20260624T150558Z,BTCUSDT,IN_SAMPLE,SHORT,DOWNTREND_NORMAL,2025-09-02T12:00:00+00:00,2025-09-05T04:00:00+00:00,17,58.6,1.102,8.805e-05,49.0,-1.925,-1.086,1.24,1.11,0,STOP_LOSS
20260624T150558Z,BTCUSDT,IN_SAMPLE,SHORT,DOWNTREND_NORMAL,2025-09-28T20:00:00+00:00,2025-09-29T12:00:00+00:00,5,64.6,1.468,5.261e-05,37.0,-1.202,-1.144,1.59,1.76,0,STOP_LOSS
20260624T150558Z,BTCUSDT,IN_SAMPLE,SHORT,DOWNTREND_LOW,2025-10-20T04:00:00+00:00,2025-10-21T12:00:00+00:00,9,62.3,1.142,-2.197e-05,29.0,0.878,0.438,1.66,1.07,1,STOP_LOSS+PARTIAL
20260624T150558Z,BTCUSDT,IN_SAMPLE,SHORT,DOWNTREND_NORMAL,2025-11-09T16:00:00+00:00,2025-11-11T00:00:00+00:00,9,60.1,1.16,4.187e-05,22.0,-2.032,-1.081,0.76,1.37,0,STOP_LOSS
20260624T150558Z,BTCUSDT,IN_SAMPLE,SHORT,DOWNTREND_HIGH,2025-11-26T16:00:00+00:00,2025-11-28T12:00:00+00:00,12,63.2,1.326,-4.19e-06,15.0,-2.813,-1.058,1.26,1.31,0,STOP_LOSS
20260624T150558Z,BTCUSDT,OUT_OF_SAMPLE,SHORT,DOWNTREND_NORMAL,2026-01-28T08:00:00+00:00,2026-01-29T12:00:00+00:00,8,61.8,1.049,6.174e-05,29.0,2.255,1.423,4.0,0.36,1,TAKE_PROFIT+PARTIAL
20260624T150558Z,BTCUSDT,OUT_OF_SAMPLE,SHORT,DOWNTREND_NORMAL,2026-02-14T08:00:00+00:00,2026-02-17T12:00:00+00:00,20,62.2,1.104,1.291e-05,9.0,3.931,1.456,2.04,0.25,1,TAKE_PROFIT+PARTIAL
20260624T150558Z,ETHUSDT,IN_SAMPLE,SHORT,DOWNTREND_NORMAL,2024-08-08T20:00:00+00:00,2024-08-12T08:00:00+00:00,22,58.5,1.2,-3.437e-05,20.0,2.794,0.479,1.1,0.27,1,STOP_LOSS+PARTIAL
20260624T150558Z,ETHUSDT,IN_SAMPLE,SHORT,DOWNTREND_NORMAL,2024-09-19T00:00:00+00:00,2024-09-19T16:00:00+00:00,5,60.6,1.1,7.727e-05,49.0,-2.957,-1.055,0.46,1.36,0,STOP_LOSS
20260624T150558Z,ETHUSDT,IN_SAMPLE,SHORT,DOWNTREND_NORMAL,2024-10-07T00:00:00+00:00,2024-10-07T12:00:00+00:00,4,63.2,1.173,3.36e-05,50.0,0.906,0.44,1.16,0.5,1,STOP_LOSS+PARTIAL
20260624T150558Z,ETHUSDT,IN_SAMPLE,SHORT,DOWNTREND_NORMAL,2025-02-12T20:00:00+00:00,2025-02-14T12:00:00+00:00,11,60.1,1.055,8.407e-05,46.0,1.808,0.468,1.19,0.54,1,STOP_LOSS+PARTIAL
20260624T150558Z,ETHUSDT,IN_SAMPLE,SHORT,DOWNTREND_LOW,2025-02-17T08:00:00+00:00,2025-02-17T12:00:00+00:00,2,61.9,1.082,5.61e-05,51.0,-2.758,-1.059,1.1,1.32,0,STOP_LOSS
20260624T150558Z,ETHUSDT,IN_SAMPLE,SHORT,DOWNTREND_HIGH,2025-03-02T16:00:00+00:00,2025-03-03T16:00:00+00:00,7,65.7,1.301,6.102e-05,26.0,7.636,1.478,3.01,0.5,1,TAKE_PROFIT+PARTIAL
20260624T150558Z,ETHUSDT,IN_SAMPLE,SHORT,DOWNTREND_NORMAL,2025-04-01T12:00:00+00:00,2025-04-02T12:00:00+00:00,7,62.5,1.334,2.877e-05,34.0,1.412,0.46,1.29,0.16,1,STOP_LOSS+PARTIAL
20260624T150558Z,ETHUSDT,IN_SAMPLE,SHORT,DOWNTREND_NORMAL,2025-04-21T00:00:00+00:00,2025-04-22T00:00:00+00:00,7,62.6,1.161,-1.24e-06,39.0,3.489,1.45,2.47,0.62,1,TAKE_PROFIT+PARTIAL
20260624T150558Z,ETHUSDT,IN_SAMPLE,SHORT,DOWNTREND_NORMAL,2025-09-28T20:00:00+00:00,2025-09-29T20:00:00+00:00,7,61.0,1.15,8.2e-05,37.0,-2.357,-1.07,1.17,1.03,0,STOP_LOSS
20260624T150558Z,ETHUSDT,IN_SAMPLE,SHORT,DOWNTREND_HIGH,2025-10-21T12:00:00+00:00,2025-10-22T08:00:00+00:00,6,61.6,1.006,4.7e-07,34.0,4.654,1.463,2.4,0.22,1,TAKE_PROFIT+PARTIAL
20260624T150558Z,ETHUSDT,IN_SAMPLE,SHORT,DOWNTREND_NORMAL,2025-11-09T16:00:00+00:00,2025-11-12T12:00:00+00:00,18,62.4,1.115,6.622e-05,22.0,1.576,0.464,1.44,0.65,1,STOP_LOSS+PARTIAL
20260624T150558Z,ETHUSDT,IN_SAMPLE,SHORT,DOWNTREND_NORMAL,2025-11-24T16:00:00+00:00,2025-11-28T08:00:00+00:00,23,60.7,1.233,7.615e-05,19.0,-4.115,-1.039,0.99,1.01,0,STOP_LOSS
20260624T150558Z,ETHUSDT,OUT_OF_SAMPLE,SHORT,DOWNTREND_NORMAL,2026-01-27T20:00:00+00:00,2026-01-29T12:00:00+00:00,11,63.9,1.042,9.488e-05,29.0,3.544,1.451,3.11,0.26,1,TAKE_PROFIT+PARTIAL
20260624T150558Z,ETHUSDT,OUT_OF_SAMPLE,SHORT,DOWNTREND_NORMAL,2026-02-13T16:00:00+00:00,2026-02-23T00:00:00+00:00,57,58.3,1.045,-2.874e-05,9.0,5.712,1.47,2.63,0.62,1,TAKE_PROFIT+PARTIAL
20260624T150558Z,ETHUSDT,OUT_OF_SAMPLE,SHORT,DOWNTREND_NORMAL,2026-02-25T12:00:00+00:00,2026-02-25T16:00:00+00:00,2,66.5,1.064,4.558e-05,11.0,-3.424,-1.047,1.39,1.1,0,STOP_LOSS
20260624T150558Z,ETHUSDT,OUT_OF_SAMPLE,SHORT,DOWNTREND_NORMAL,2026-03-30T12:00:00+00:00,2026-03-31T00:00:00+00:00,4,58.1,1.077,1.177e-05,8.0,1.143,0.451,1.16,0.34,1,STOP_LOSS+PARTIAL
20260624T150558Z,ETHUSDT,OUT_OF_SAMPLE,SHORT,DOWNTREND_HIGH,2026-06-14T20:00:00+00:00,2026-06-15T08:00:00+00:00,4,66.3,1.434,-1.919e-05,18.0,-2.279,-1.072,1.72,1.18,0,STOP_LOSS
20260624T150558Z,SOLUSDT,IN_SAMPLE,SHORT,DOWNTREND_HIGH,2024-09-09T16:00:00+00:00,2024-09-12T00:00:00+00:00,15,61.9,1.276,-5.564e-05,26.0,1.666,0.466,1.4,0.63,1,STOP_LOSS+PARTIAL
20260624T150558Z,SOLUSDT,IN_SAMPLE,SHORT,DOWNTREND_NORMAL,2025-01-15T12:00:00+00:00,2025-01-15T20:00:00+00:00,3,63.6,1.063,-5.153e-05,70.0,-3.849,-1.042,1.45,1.31,0,STOP_LOSS
20260624T150558Z,SOLUSDT,IN_SAMPLE,SHORT,DOWNTREND_LOW,2025-02-09T00:00:00+00:00,2025-02-10T12:00:00+00:00,10,59.3,1.135,-0.00011027,46.0,2.103,0.472,1.46,0.23,1,STOP_LOSS+PARTIAL
20260624T150558Z,SOLUSDT,IN_SAMPLE,SHORT,DOWNTREND_HIGH,2025-03-02T12:00:00+00:00,2025-03-02T16:00:00+00:00,2,66.1,1.12,9.93e-05,26.0,-6.094,-1.027,1.86,2.4,0,STOP_LOSS
20260624T150558Z,SOLUSDT,IN_SAMPLE,SHORT,DOWNTREND_NORMAL,2025-03-14T12:00:00+00:00,2025-03-19T12:00:00+00:00,31,59.1,1.284,0.0001,27.0,2.311,0.475,1.61,0.71,1,STOP_LOSS+PARTIAL
20260624T150558Z,SOLUSDT,IN_SAMPLE,SHORT,DOWNTREND_LOW,2025-03-19T12:00:00+00:00,2025-03-23T08:00:00+00:00,24,59.5,1.026,7.274e-05,32.0,1.695,0.466,1.56,0.79,1,STOP_LOSS+PARTIAL
20260624T150558Z,SOLUSDT,IN_SAMPLE,SHORT,DOWNTREND_NORMAL,2025-04-02T16:00:00+00:00,2025-04-02T20:00:00+00:00,2,59.9,1.147,4.319e-05,44.0,-3.786,-1.043,3.03,1.0,0,STOP_LOSS
20260624T150558Z,SOLUSDT,IN_SAMPLE,SHORT,DOWNTREND_HIGH,2025-04-09T16:00:00+00:00,2025-04-11T08:00:00+00:00,11,59.2,1.14,7.621e-05,18.0,3.37,0.483,1.53,0.25,1,STOP_LOSS+PARTIAL
20260624T150558Z,SOLUSDT,IN_SAMPLE,SHORT,DOWNTREND_NORMAL,2025-06-09T08:00:00+00:00,2025-06-09T20:00:00+00:00,4,58.9,1.133,0.0001,62.0,-2.926,-1.056,1.21,1.42,0,STOP_LOSS
20260624T150558Z,SOLUSDT,IN_SAMPLE,SHORT,DOWNTREND_NORMAL,2025-06-16T00:00:00+00:00,2025-06-18T12:00:00+00:00,16,61.4,1.109,0.0001,61.0,5.264,1.467,2.12,0.58,1,TAKE_PROFIT+PARTIAL
20260624T150558Z,SOLUSDT,IN_SAMPLE,SHORT,DOWNTREND_NORMAL,2025-09-28T20:00:00+00:00,2025-09-30T20:00:00+00:00,13,58.2,1.07,1.97e-05,37.0,1.398,0.459,1.02,0.61,1,STOP_LOSS+PARTIAL
20260624T150558Z,SOLUSDT,IN_SAMPLE,SHORT,DOWNTREND_HIGH,2025-10-21T12:00:00+00:00,2025-10-22T16:00:00+00:00,8,60.6,1.149,-8.944e-05,34.0,5.667,1.47,2.53,0.2,1,TAKE_PROFIT+PARTIAL
20260624T150558Z,SOLUSDT,IN_SAMPLE,SHORT,DOWNTREND_NORMAL,2025-11-09T16:00:00+00:00,2025-11-12T16:00:00+00:00,19,58.5,1.073,-2.922e-05,22.0,5.788,1.47,2.29,0.89,1,TAKE_PROFIT+PARTIAL
20260624T150558Z,SOLUSDT,IN_SAMPLE,SHORT,DOWNTREND_NORMAL,2025-11-24T16:00:00+00:00,2025-11-26T16:00:00+00:00,13,59.7,1.186,3.449e-05,19.0,-4.526,-1.036,0.9,1.25,0,STOP_LOSS
20260624T150558Z,SOLUSDT,IN_SAMPLE,SHORT,DOWNTREND_NORMAL,2025-12-09T12:00:00+00:00,2025-12-09T16:00:00+00:00,2,58.1,1.097,3.189e-05,22.0,-3.569,-1.045,1.45,1.37,0,STOP_LOSS
20260624T150558Z,SOLUSDT,IN_SAMPLE,SHORT,DOWNTREND_LOW,2025-12-22T12:00:00+00:00,2025-12-24T04:00:00+00:00,11,59.3,1.231,4.368e-05,25.0,3.882,1.455,2.18,0.21,1,TAKE_PROFIT+PARTIAL
20260624T150558Z,SOLUSDT,OUT_OF_SAMPLE,SHORT,DOWNTREND_NORMAL,2026-02-14T08:00:00+00:00,2026-02-15T04:00:00+00:00,6,64.0,1.067,2.902e-05,9.0,-3.923,-1.041,0.65,1.12,0,STOP_LOSS
20260624T150558Z,SOLUSDT,OUT_OF_SAMPLE,SHORT,DOWNTREND_NORMAL,2026-04-06T00:00:00+00:00,2026-04-07T20:00:00+00:00,12,59.0,1.08,-7.917e-05,13.0,1.09,0.449,1.87,2.46,1,STOP_LOSS+PARTIAL
20260624T150558Z,BNBUSDT,IN_SAMPLE,SHORT,DOWNTREND_NORMAL,2024-08-08T20:00:00+00:00,2024-08-17T16:00:00+00:00,54,61.0,1.118,0.0,20.0,-4.819,-1.034,0.76,1.2,0,STOP_LOSS
20260624T150558Z,BNBUSDT,IN_SAMPLE,SHORT,DOWNTREND_HIGH,2025-02-08T16:00:00+00:00,2025-02-09T08:00:00+00:00,5,70.1,1.436,0.0,44.0,-3.513,-1.046,1.39,1.09,0,STOP_LOSS
20260624T150558Z,BNBUSDT,IN_SAMPLE,SHORT,DOWNTREND_HIGH,2025-04-09T20:00:00+00:00,2025-04-21T00:00:00+00:00,68,58.4,1.074,0.0,18.0,-3.492,-1.046,0.83,1.12,0,STOP_LOSS
20260624T150558Z,BNBUSDT,OUT_OF_SAMPLE,SHORT,DOWNTREND_LOW,2026-02-14T08:00:00+00:00,2026-02-19T12:00:00+00:00,32,58.5,1.078,0.0,9.0,4.244,1.459,2.03,0.5,1,TAKE_PROFIT+PARTIAL
20260624T150558Z,BNBUSDT,OUT_OF_SAMPLE,SHORT,DOWNTREND_LOW,2026-02-20T16:00:00+00:00,2026-02-23T00:00:00+00:00,15,59.6,1.013,0.0,7.0,3.526,1.451,2.83,0.57,1,TAKE_PROFIT+PARTIAL
20260624T150558Z,BNBUSDT,OUT_OF_SAMPLE,SHORT,DOWNTREND_NORMAL,2026-03-09T12:00:00+00:00,2026-03-11T16:00:00+00:00,14,59.0,1.058,0.0,8.0,-2.345,-1.07,0.83,1.18,0,STOP_LOSS
20260624T150558Z,BNBUSDT,OUT_OF_SAMPLE,SHORT,DOWNTREND_NORMAL,2026-04-05T20:00:00+00:00,2026-04-07T20:00:00+00:00,13,59.3,1.194,0.0,12.0,-1.681,-1.1,1.2,2.54,0,STOP_LOSS
20260624T150558Z,XRPUSDT,IN_SAMPLE,SHORT,DOWNTREND_NORMAL,2025-02-13T20:00:00+00:00,2025-02-14T08:00:00+00:00,4,64.2,1.187,7.66e-06,50.0,-4.264,-1.038,1.01,2.18,0,STOP_LOSS
20260624T150558Z,XRPUSDT,IN_SAMPLE,SHORT,DOWNTREND_NORMAL,2025-06-03T12:00:00+00:00,2025-06-05T16:00:00+00:00,14,64.1,1.284,0.0001,64.0,3.693,1.453,2.63,0.33,1,TAKE_PROFIT+PARTIAL
20260624T150558Z,XRPUSDT,IN_SAMPLE,SHORT,DOWNTREND_NORMAL,2025-09-28T20:00:00+00:00,2025-10-01T08:00:00+00:00,16,59.8,1.193,8.504e-05,37.0,-2.351,-1.07,0.86,1.34,0,STOP_LOSS
20260624T150558Z,XRPUSDT,IN_SAMPLE,SHORT,DOWNTREND_LOW,2025-10-20T04:00:00+00:00,2025-10-24T12:00:00+00:00,27,61.0,1.048,-7.309e-05,29.0,1.63,0.465,1.67,0.95,1,STOP_LOSS+PARTIAL
20260624T150558Z,XRPUSDT,IN_SAMPLE,SHORT,DOWNTREND_LOW,2025-12-09T12:00:00+00:00,2025-12-09T16:00:00+00:00,2,59.2,1.052,4.795e-05,22.0,-2.944,-1.055,1.13,1.06,0,STOP_LOSS
20260624T150558Z,XRPUSDT,OUT_OF_SAMPLE,SHORT,DOWNTREND_NORMAL,2026-02-25T12:00:00+00:00,2026-02-25T20:00:00+00:00,3,62.9,1.108,-3.419e-05,11.0,-3.478,-1.047,1.25,1.1,0,STOP_LOSS
20260624T150558Z,XRPUSDT,OUT_OF_SAMPLE,SHORT,DOWNTREND_NORMAL,2026-04-06T00:00:00+00:00,2026-04-07T20:00:00+00:00,12,61.1,1.091,-0.00015618,13.0,0.826,0.435,1.7,2.29,1,STOP_LOSS+PARTIAL
20260624T150558Z,DOGEUSDT,IN_SAMPLE,SHORT,DOWNTREND_NORMAL,2024-08-08T20:00:00+00:00,2024-08-12T12:00:00+00:00,23,60.8,1.223,1.358e-05,20.0,2.969,0.48,1.12,0.53,1,STOP_LOSS+PARTIAL
20260624T150558Z,DOGEUSDT,IN_SAMPLE,SHORT,DOWNTREND_LOW,2024-08-20T00:00:00+00:00,2024-08-21T04:00:00+00:00,8,61.3,1.071,-5.525e-05,30.0,1.381,0.459,1.16,0.35,1,STOP_LOSS+PARTIAL
20260624T150558Z,DOGEUSDT,IN_SAMPLE,SHORT,DOWNTREND_LOW,2025-02-11T04:00:00+00:00,2025-02-12T20:00:00+00:00,11,63.7,1.249,9.598e-05,47.0,2.003,0.471,1.75,0.34,1,STOP_LOSS+PARTIAL
20260624T150558Z,DOGEUSDT,IN_SAMPLE,SHORT,DOWNTREND_HIGH,2025-03-02T16:00:00+00:00,2025-03-03T16:00:00+00:00,7,71.6,1.236,-8e-06,26.0,8.223,1.48,2.69,0.79,1,TAKE_PROFIT+PARTIAL
20260624T150558Z,DOGEUSDT,IN_SAMPLE,SHORT,DOWNTREND_NORMAL,2025-06-09T20:00:00+00:00,2025-06-11T04:00:00+00:00,9,63.9,1.309,6.878e-05,62.0,-3.515,-1.046,1.28,1.81,0,STOP_LOSS
20260624T150558Z,DOGEUSDT,IN_SAMPLE,SHORT,DOWNTREND_LOW,2025-08-04T20:00:00+00:00,2025-08-07T08:00:00+00:00,16,58.1,1.049,4.07e-05,64.0,1.857,0.469,1.78,0.54,1,STOP_LOSS+PARTIAL
20260624T150558Z,DOGEUSDT,IN_SAMPLE,SHORT,DOWNTREND_LOW,2025-10-20T00:00:00+00:00,2025-10-24T12:00:00+00:00,28,59.1,1.001,4.724e-05,29.0,2.004,0.471,1.71,0.76,1,STOP_LOSS+PARTIAL
20260624T150558Z,DOGEUSDT,IN_SAMPLE,SHORT,DOWNTREND_NORMAL,2025-11-07T16:00:00+00:00,2025-11-09T20:00:00+00:00,14,64.4,1.359,0.0001,24.0,2.33,0.475,1.39,0.3,1,STOP_LOSS+PARTIAL
20260624T150558Z,DOGEUSDT,IN_SAMPLE,SHORT,DOWNTREND_NORMAL,2025-11-24T16:00:00+00:00,2025-12-01T00:00:00+00:00,39,61.6,1.104,7.5e-06,19.0,8.814,1.969,2.28,0.63,1,TAKE_PROFIT
20260624T150558Z,DOGEUSDT,IN_SAMPLE,SHORT,DOWNTREND_NORMAL,2025-12-09T12:00:00+00:00,2025-12-09T16:00:00+00:00,2,61.6,1.219,5.875e-05,22.0,-3.163,-1.051,1.32,1.57,0,STOP_LOSS
20260624T150558Z,DOGEUSDT,IN_SAMPLE,SHORT,DOWNTREND_NORMAL,2025-12-29T00:00:00+00:00,2025-12-31T12:00:00+00:00,16,59.7,1.171,5.826e-05,24.0,3.033,1.443,2.58,0.21,1,TAKE_PROFIT+PARTIAL
20260624T150558Z,DOGEUSDT,OUT_OF_SAMPLE,SHORT,DOWNTREND_LOW,2026-01-27T20:00:00+00:00,2026-01-29T12:00:00+00:00,11,62.1,1.066,1.586e-05,29.0,3.545,1.451,3.52,0.51,1,TAKE_PROFIT+PARTIAL
20260624T150558Z,DOGEUSDT,OUT_OF_SAMPLE,SHORT,DOWNTREND_LOW,2026-02-13T16:00:00+00:00,2026-02-14T08:00:00+00:00,5,59.9,1.063,7.096e-05,9.0,-3.659,-1.044,0.4,1.36,0,STOP_LOSS
20260624T150558Z,DOGEUSDT,OUT_OF_SAMPLE,SHORT,DOWNTREND_HIGH,2026-02-25T12:00:00+00:00,2026-02-25T20:00:00+00:00,3,68.8,1.255,-9.097e-05,11.0,-3.819,-1.042,2.03,1.24,0,STOP_LOSS
20260624T150558Z,DOGEUSDT,OUT_OF_SAMPLE,SHORT,DOWNTREND_HIGH,2026-03-04T12:00:00+00:00,2026-03-04T16:00:00+00:00,2,65.3,1.207,-8.762e-05,10.0,-4.727,-1.034,1.67,1.17,0,STOP_LOSS
20260624T150558Z,AVAXUSDT,IN_SAMPLE,SHORT,DOWNTREND_HIGH,2024-08-08T20:00:00+00:00,2024-08-15T16:00:00+00:00,42,60.6,1.122,-9.201e-05,20.0,8.718,1.481,2.17,0.05,1,TAKE_PROFIT+PARTIAL
20260624T150558Z,AVAXUSDT,IN_SAMPLE,SHORT,DOWNTREND_LOW,2024-08-18T12:00:00+00:00,2024-08-19T20:00:00+00:00,9,59.9,1.016,-8.766e-05,31.0,1.307,0.457,1.38,0.48,1,STOP_LOSS+PARTIAL
20260624T150558Z,AVAXUSDT,IN_SAMPLE,SHORT,DOWNTREND_NORMAL,2024-09-08T00:00:00+00:00,2024-09-08T04:00:00+00:00,2,61.3,1.149,2.022e-05,29.0,-3.521,-1.046,0.89,1.14,0,STOP_LOSS
20260624T150558Z,AVAXUSDT,IN_SAMPLE,SHORT,DOWNTREND_LOW,2025-01-01T20:00:00+00:00,2025-01-02T04:00:00+00:00,3,58.3,1.088,8.928e-05,66.0,-4.124,-1.039,0.45,0.99,0,STOP_LOSS
20260624T150558Z,AVAXUSDT,IN_SAMPLE,SHORT,DOWNTREND_LOW,2025-02-11T00:00:00+00:00,2025-02-12T20:00:00+00:00,12,60.3,1.106,6.394e-05,47.0,2.109,0.472,1.72,0.66,1,STOP_LOSS+PARTIAL
20260624T150558Z,AVAXUSDT,IN_SAMPLE,SHORT,DOWNTREND_LOW,2025-03-15T20:00:00+00:00,2025-03-19T08:00:00+00:00,22,60.9,1.144,-0.00020421,46.0,2.25,0.474,1.39,0.49,1,STOP_LOSS+PARTIAL
20260624T150558Z,AVAXUSDT,IN_SAMPLE,SHORT,DOWNTREND_HIGH,2025-04-09T16:00:00+00:00,2025-04-12T12:00:00+00:00,18,61.6,1.132,-9.15e-05,18.0,-7.112,-1.023,1.4,1.93,0,STOP_LOSS
20260624T150558Z,AVAXUSDT,IN_SAMPLE,SHORT,DOWNTREND_NORMAL,2025-06-23T20:00:00+00:00,2025-06-28T16:00:00+00:00,30,60.9,1.02,3.124e-05,47.0,2.189,0.473,1.25,0.52,1,STOP_LOSS+PARTIAL
20260624T150558Z,AVAXUSDT,IN_SAMPLE,SHORT,DOWNTREND_LOW,2025-10-26T08:00:00+00:00,2025-10-27T00:00:00+00:00,5,62.1,1.364,0.0001,40.0,-3.122,-1.052,1.09,1.11,0,STOP_LOSS
20260624T150558Z,AVAXUSDT,IN_SAMPLE,SHORT,DOWNTREND_NORMAL,2025-11-07T16:00:00+00:00,2025-11-09T12:00:00+00:00,12,60.6,1.245,8.768e-05,24.0,2.521,0.477,1.15,0.63,1,STOP_LOSS+PARTIAL
20260624T150558Z,AVAXUSDT,IN_SAMPLE,SHORT,DOWNTREND_NORMAL,2025-11-24T16:00:00+00:00,2025-11-25T20:00:00+00:00,8,59.3,1.35,9.762e-05,19.0,-3.486,-1.047,0.91,0.99,0,STOP_LOSS
20260624T150558Z,AVAXUSDT,OUT_OF_SAMPLE,SHORT,DOWNTREND_NORMAL,2026-02-13T12:00:00+00:00,2026-02-14T16:00:00+00:00,8,58.2,1.115,-7.825e-05,9.0,-3.831,-1.042,0.84,1.62,0,STOP_LOSS
20260624T150558Z,AVAXUSDT,OUT_OF_SAMPLE,SHORT,DOWNTREND_HIGH,2026-02-25T12:00:00+00:00,2026-02-28T04:00:00+00:00,17,72.1,1.225,-5.8e-07,11.0,5.711,1.47,2.79,0.87,1,TAKE_PROFIT+PARTIAL
20260624T150558Z,AVAXUSDT,OUT_OF_SAMPLE,SHORT,DOWNTREND_NORMAL,2026-03-09T12:00:00+00:00,2026-03-10T08:00:00+00:00,6,60.1,1.122,0.0001,8.0,-3.273,-1.05,0.69,1.11,0,STOP_LOSS
20260624T150558Z,AVAXUSDT,OUT_OF_SAMPLE,SHORT,DOWNTREND_HIGH,2026-06-15T08:00:00+00:00,2026-06-18T12:00:00+00:00,20,61.1,1.082,3.817e-05,20.0,4.411,1.461,3.33,0.82,1,TAKE_PROFIT+PARTIAL
20260624T150558Z,AVAXUSDT,OUT_OF_SAMPLE,SHORT,DOWNTREND_NORMAL,2026-06-23T20:00:00+00:00,2026-06-24T12:00:00+00:00,5,58.1,1.121,1.98e-05,23.0,2.319,0.584,0.77,0.23,1,MANUAL
